order_id,order_date,category,product_name,unit_price,quantity,payment_method,payment_status,total_sales,order_month,order_day
ORD-10000,2026-02-05 20:00:00,Accessories,Headphone Bluetooth,450000,3,Midtrans - Bank Transfer,Paid,1350000,2026-02,Thursday
ORD-10001,2026-08-06 18:00:00,Fashion,Kemeja Casual,250000,3,Credit Card,Paid,750000,2026-08,Thursday
ORD-10002,2026-08-05 07:00:00,Accessories,Headphone Bluetooth,450000,3,Midtrans - Bank Transfer,Paid,1350000,2026-08,Wednesday
ORD-10003,2026-06-07 04:00:00,Home & Living,Lampu Meja,150000,3,Credit Card,Paid,450000,2026-06,Sunday
ORD-10004,2026-05-09 20:00:00,Home & Living,Lampu Meja,150000,1,Midtrans - QRIS,Pending,150000,2026-05,Saturday
ORD-10005,2026-01-20 10:00:00,Fashion,Kemeja Casual,250000,2,Midtrans - QRIS,Paid,500000,2026-01,Tuesday
ORD-10006,2026-07-04 10:00:00,Gadgets,Smartwatch,1200000,3,Midtrans - QRIS,Paid,3600000,2026-07,Saturday
ORD-10007,2026-05-24 12:00:00,Home & Living,Lampu Meja,150000,1,Midtrans - Bank Transfer,Paid,150000,2026-05,Sunday
ORD-10008,2026-05-13 03:00:00,Fashion,Kemeja Casual,250000,1,Credit Card,Paid,250000,2026-05,Wednesday
ORD-10009,2026-05-02 15:00:00,Home & Living,Lampu Meja,150000,2,Credit Card,Paid,300000,2026-05,Saturday
ORD-10010,2026-01-06 10:00:00,Fashion,Kemeja Casual,250000,3,E-Wallet,Paid,750000,2026-01,Tuesday
ORD-10011,2026-03-12 05:00:00,Accessories,Headphone Bluetooth,450000,1,Midtrans - QRIS,Pending,450000,2026-03,Thursday
ORD-10012,2026-02-02 01:00:00,Gadgets,Smartwatch,1200000,2,E-Wallet,Paid,2400000,2026-02,Monday
ORD-10013,2026-04-10 15:00:00,Electronics,Laptop,8500000,2,Midtrans - Bank Transfer,Paid,17000000,2026-04,Friday
ORD-10014,2026-04-12 09:00:00,Electronics,Laptop,8500000,2,Midtrans - QRIS,Paid,17000000,2026-04,Sunday
ORD-10015,2026-07-30 11:00:00,Fashion,Kemeja Casual,250000,2,Midtrans - QRIS,Failed,500000,2026-07,Thursday
ORD-10016,2026-02-19 08:00:00,Accessories,Headphone Bluetooth,450000,3,Credit Card,Paid,1350000,2026-02,Thursday
ORD-10017,2026-07-09 19:00:00,Gadgets,Smartwatch,1200000,3,Midtrans - Bank Transfer,Paid,3600000,2026-07,Thursday
ORD-10018,2026-05-22 01:00:00,Home & Living,Lampu Meja,150000,3,Midtrans - QRIS,Paid,450000,2026-05,Friday
ORD-10019,2026-06-21 13:00:00,Fashion,Kemeja Casual,250000,2,Midtrans - QRIS,Failed,500000,2026-06,Sunday
ORD-10020,2026-07-21 19:00:00,Electronics,Laptop,8500000,3,Midtrans - Bank Transfer,Paid,25500000,2026-07,Tuesday
ORD-10021,2026-05-02 00:00:00,Accessories,Headphone Bluetooth,450000,1,Credit Card,Paid,450000,2026-05,Saturday
ORD-10022,2026-01-20 18:00:00,Fashion,Kemeja Casual,250000,3,Midtrans - QRIS,Paid,750000,2026-01,Tuesday
ORD-10023,2026-02-15 02:00:00,Home & Living,Lampu Meja,150000,3,Credit Card,Failed,450000,2026-02,Sunday
ORD-10024,2026-04-17 14:00:00,Gadgets,Smartwatch,1200000,1,Midtrans - Bank Transfer,Pending,1200000,2026-04,Friday
ORD-10025,2026-03-27 07:00:00,Accessories,Headphone Bluetooth,450000,3,E-Wallet,Paid,1350000,2026-03,Friday
ORD-10026,2026-04-25 11:00:00,Electronics,Laptop,8500000,1,Credit Card,Paid,8500000,2026-04,Saturday
ORD-10027,2026-02-10 15:00:00,Fashion,Kemeja Casual,250000,2,Credit Card,Paid,500000,2026-02,Tuesday
ORD-10028,2026-03-17 06:00:00,Home & Living,Lampu Meja,150000,1,Midtrans - Bank Transfer,Paid,150000,2026-03,Tuesday
ORD-10029,2026-01-08 21:00:00,Fashion,Kemeja Casual,250000,3,E-Wallet,Paid,750000,2026-01,Thursday
ORD-10030,2026-04-24 22:00:00,Gadgets,Smartwatch,1200000,2,Midtrans - Bank Transfer,Paid,2400000,2026-04,Friday
ORD-10031,2026-05-06 05:00:00,Accessories,Headphone Bluetooth,450000,3,Credit Card,Paid,1350000,2026-05,Wednesday
ORD-10032,2026-07-14 02:00:00,Gadgets,Smartwatch,1200000,3,Credit Card,Paid,3600000,2026-07,Tuesday
ORD-10033,2026-03-21 03:00:00,Gadgets,Smartwatch,1200000,1,E-Wallet,Pending,1200000,2026-03,Saturday
ORD-10034,2026-02-22 19:00:00,Home & Living,Lampu Meja,150000,2,Credit Card,Paid,300000,2026-02,Sunday
ORD-10035,2026-03-05 16:00:00,Electronics,Laptop,8500000,2,E-Wallet,Paid,17000000,2026-03,Thursday
ORD-10036,2026-05-14 10:00:00,Electronics,Laptop,8500000,2,E-Wallet,Paid,17000000,2026-05,Thursday
ORD-10037,2026-05-29 04:00:00,Accessories,Headphone Bluetooth,450000,1,Midtrans - QRIS,Paid,450000,2026-05,Friday
ORD-10038,2026-06-12 02:00:00,Home & Living,Lampu Meja,150000,1,Midtrans - Bank Transfer,Paid,150000,2026-06,Friday
ORD-10039,2026-01-27 22:00:00,Fashion,Kemeja Casual,250000,2,E-Wallet,Paid,500000,2026-01,Tuesday
ORD-10040,2026-05-01 08:00:00,Home & Living,Lampu Meja,150000,1,Midtrans - Bank Transfer,Paid,150000,2026-05,Friday
ORD-10041,2026-04-12 11:00:00,Electronics,Laptop,8500000,3,Midtrans - QRIS,Paid,25500000,2026-04,Sunday
ORD-10042,2026-01-26 00:00:00,Electronics,Laptop,8500000,1,E-Wallet,Failed,8500000,2026-01,Monday
ORD-10043,2026-04-09 11:00:00,Gadgets,Smartwatch,1200000,1,Midtrans - QRIS,Paid,1200000,2026-04,Thursday
ORD-10044,2026-03-27 21:00:00,Fashion,Kemeja Casual,250000,1,Midtrans - QRIS,Paid,250000,2026-03,Friday
ORD-10045,2026-01-11 01:00:00,Electronics,Laptop,8500000,1,Midtrans - QRIS,Paid,8500000,2026-01,Sunday
ORD-10046,2026-03-27 01:00:00,Gadgets,Smartwatch,1200000,2,Midtrans - QRIS,Paid,2400000,2026-03,Friday
ORD-10047,2026-04-28 16:00:00,Fashion,Kemeja Casual,250000,2,Midtrans - QRIS,Paid,500000,2026-04,Tuesday
ORD-10048,2026-04-19 20:00:00,Fashion,Kemeja Casual,250000,2,Credit Card,Paid,500000,2026-04,Sunday
ORD-10049,2026-02-26 19:00:00,Home & Living,Lampu Meja,150000,1,Credit Card,Paid,150000,2026-02,Thursday
ORD-10050,2026-03-03 14:00:00,Electronics,Laptop,8500000,2,Midtrans - Bank Transfer,Paid,17000000,2026-03,Tuesday
ORD-10051,2026-04-17 12:00:00,Electronics,Laptop,8500000,2,E-Wallet,Paid,17000000,2026-04,Friday
ORD-10052,2026-02-02 07:00:00,Fashion,Kemeja Casual,250000,2,E-Wallet,Paid,500000,2026-02,Monday
ORD-10053,2026-06-17 06:00:00,Home & Living,Lampu Meja,150000,3,Credit Card,Paid,450000,2026-06,Wednesday
ORD-10054,2026-01-02 10:00:00,Gadgets,Smartwatch,1200000,2,Midtrans - QRIS,Paid,2400000,2026-01,Friday
ORD-10055,2026-05-12 08:00:00,Home & Living,Lampu Meja,150000,3,Midtrans - Bank Transfer,Paid,450000,2026-05,Tuesday
ORD-10056,2026-03-23 11:00:00,Home & Living,Lampu Meja,150000,2,Midtrans - QRIS,Paid,300000,2026-03,Monday
ORD-10057,2026-03-08 01:00:00,Gadgets,Smartwatch,1200000,1,Midtrans - Bank Transfer,Paid,1200000,2026-03,Sunday
ORD-10058,2026-06-14 07:00:00,Fashion,Kemeja Casual,250000,3,Credit Card,Paid,750000,2026-06,Sunday
ORD-10059,2026-05-09 01:00:00,Accessories,Headphone Bluetooth,450000,1,Credit Card,Paid,450000,2026-05,Saturday
ORD-10060,2026-02-12 13:00:00,Home & Living,Lampu Meja,150000,2,Midtrans - QRIS,Paid,300000,2026-02,Thursday
ORD-10061,2026-05-25 05:00:00,Accessories,Headphone Bluetooth,450000,1,Credit Card,Paid,450000,2026-05,Monday
ORD-10062,2026-04-19 21:00:00,Fashion,Kemeja Casual,250000,3,Credit Card,Paid,750000,2026-04,Sunday
ORD-10063,2026-08-06 17:00:00,Electronics,Laptop,8500000,3,E-Wallet,Paid,25500000,2026-08,Thursday
ORD-10064,2026-06-10 03:00:00,Accessories,Headphone Bluetooth,450000,3,Midtrans - QRIS,Paid,1350000,2026-06,Wednesday
ORD-10065,2026-03-04 12:00:00,Gadgets,Smartwatch,1200000,1,E-Wallet,Paid,1200000,2026-03,Wednesday
ORD-10066,2026-07-19 22:00:00,Gadgets,Smartwatch,1200000,2,Midtrans - Bank Transfer,Paid,2400000,2026-07,Sunday
ORD-10067,2026-01-07 17:00:00,Electronics,Laptop,8500000,2,Midtrans - Bank Transfer,Paid,17000000,2026-01,Wednesday
ORD-10068,2026-06-29 01:00:00,Gadgets,Smartwatch,1200000,2,Credit Card,Pending,2400000,2026-06,Monday
ORD-10069,2026-03-24 13:00:00,Fashion,Kemeja Casual,250000,3,Credit Card,Paid,750000,2026-03,Tuesday
ORD-10070,2026-02-11 11:00:00,Accessories,Headphone Bluetooth,450000,3,Midtrans - Bank Transfer,Paid,1350000,2026-02,Wednesday
ORD-10071,2026-07-24 15:00:00,Accessories,Headphone Bluetooth,450000,3,Midtrans - Bank Transfer,Paid,1350000,2026-07,Friday
ORD-10072,2026-05-20 06:00:00,Gadgets,Smartwatch,1200000,2,Credit Card,Paid,2400000,2026-05,Wednesday
ORD-10073,2026-07-09 15:00:00,Fashion,Kemeja Casual,250000,3,Midtrans - Bank Transfer,Paid,750000,2026-07,Thursday
ORD-10074,2026-06-08 06:00:00,Accessories,Headphone Bluetooth,450000,1,Midtrans - QRIS,Paid,450000,2026-06,Monday
ORD-10075,2026-02-23 03:00:00,Accessories,Headphone Bluetooth,450000,3,Midtrans - QRIS,Paid,1350000,2026-02,Monday
ORD-10076,2026-02-12 08:00:00,Electronics,Laptop,8500000,2,Credit Card,Paid,17000000,2026-02,Thursday
ORD-10077,2026-01-15 01:00:00,Home & Living,Lampu Meja,150000,1,Midtrans - Bank Transfer,Paid,150000,2026-01,Thursday
ORD-10078,2026-02-06 14:00:00,Home & Living,Lampu Meja,150000,1,Midtrans - Bank Transfer,Paid,150000,2026-02,Friday
ORD-10079,2026-02-14 20:00:00,Gadgets,Smartwatch,1200000,1,Credit Card,Paid,1200000,2026-02,Saturday
ORD-10080,2026-07-23 15:00:00,Home & Living,Lampu Meja,150000,2,Credit Card,Paid,300000,2026-07,Thursday
ORD-10081,2026-06-16 09:00:00,Fashion,Kemeja Casual,250000,1,Midtrans - QRIS,Paid,250000,2026-06,Tuesday
ORD-10082,2026-07-22 11:00:00,Electronics,Laptop,8500000,1,Midtrans - Bank Transfer,Paid,8500000,2026-07,Wednesday
ORD-10083,2026-01-16 19:00:00,Home & Living,Lampu Meja,150000,1,Midtrans - Bank Transfer,Paid,150000,2026-01,Friday
ORD-10084,2026-01-21 12:00:00,Gadgets,Smartwatch,1200000,1,Credit Card,Paid,1200000,2026-01,Wednesday
ORD-10085,2026-08-08 20:00:00,Accessories,Headphone Bluetooth,450000,1,Midtrans - Bank Transfer,Paid,450000,2026-08,Saturday
ORD-10086,2026-03-27 22:00:00,Gadgets,Smartwatch,1200000,3,Credit Card,Paid,3600000,2026-03,Friday
ORD-10087,2026-06-11 20:00:00,Home & Living,Lampu Meja,150000,1,E-Wallet,Paid,150000,2026-06,Thursday
ORD-10088,2026-01-03 16:00:00,Fashion,Kemeja Casual,250000,1,Credit Card,Paid,250000,2026-01,Saturday
ORD-10089,2026-04-18 00:00:00,Fashion,Kemeja Casual,250000,1,Midtrans - Bank Transfer,Paid,250000,2026-04,Saturday
ORD-10090,2026-08-07 16:00:00,Accessories,Headphone Bluetooth,450000,1,Credit Card,Paid,450000,2026-08,Friday
ORD-10091,2026-03-26 11:00:00,Electronics,Laptop,8500000,3,Midtrans - QRIS,Paid,25500000,2026-03,Thursday
ORD-10092,2026-04-23 07:00:00,Gadgets,Smartwatch,1200000,1,Midtrans - QRIS,Failed,1200000,2026-04,Thursday
ORD-10093,2026-03-04 07:00:00,Home & Living,Lampu Meja,150000,2,Midtrans - QRIS,Paid,300000,2026-03,Wednesday
ORD-10094,2026-08-08 02:00:00,Accessories,Headphone Bluetooth,450000,1,Credit Card,Paid,450000,2026-08,Saturday
ORD-10095,2026-01-17 07:00:00,Home & Living,Lampu Meja,150000,2,Credit Card,Paid,300000,2026-01,Saturday
ORD-10096,2026-07-08 02:00:00,Gadgets,Smartwatch,1200000,3,E-Wallet,Paid,3600000,2026-07,Wednesday
ORD-10097,2026-07-06 10:00:00,Gadgets,Smartwatch,1200000,2,Midtrans - QRIS,Paid,2400000,2026-07,Monday
ORD-10098,2026-05-29 09:00:00,Fashion,Kemeja Casual,250000,1,Midtrans - Bank Transfer,Paid,250000,2026-05,Friday
ORD-10099,2026-04-05 22:00:00,Accessories,Headphone Bluetooth,450000,2,Midtrans - Bank Transfer,Failed,900000,2026-04,Sunday
ORD-10100,2026-05-10 03:00:00,Fashion,Kemeja Casual,250000,1,Credit Card,Failed,250000,2026-05,Sunday
ORD-10101,2026-01-09 08:00:00,Home & Living,Lampu Meja,150000,2,Midtrans - QRIS,Paid,300000,2026-01,Friday
ORD-10102,2026-07-23 03:00:00,Electronics,Laptop,8500000,2,E-Wallet,Paid,17000000,2026-07,Thursday
ORD-10103,2026-05-10 08:00:00,Electronics,Laptop,8500000,3,E-Wallet,Paid,25500000,2026-05,Sunday
ORD-10104,2026-07-11 14:00:00,Gadgets,Smartwatch,1200000,1,Midtrans - Bank Transfer,Paid,1200000,2026-07,Saturday
ORD-10105,2026-04-13 06:00:00,Accessories,Headphone Bluetooth,450000,1,Midtrans - Bank Transfer,Paid,450000,2026-04,Monday
ORD-10106,2026-06-01 21:00:00,Gadgets,Smartwatch,1200000,2,Midtrans - QRIS,Paid,2400000,2026-06,Monday
ORD-10107,2026-02-03 12:00:00,Electronics,Laptop,8500000,1,Midtrans - Bank Transfer,Failed,8500000,2026-02,Tuesday
ORD-10108,2026-04-24 19:00:00,Accessories,Headphone Bluetooth,450000,1,Midtrans - Bank Transfer,Paid,450000,2026-04,Friday
ORD-10109,2026-04-26 13:00:00,Electronics,Laptop,8500000,3,E-Wallet,Paid,25500000,2026-04,Sunday
ORD-10110,2026-03-07 10:00:00,Gadgets,Smartwatch,1200000,2,Credit Card,Paid,2400000,2026-03,Saturday
ORD-10111,2026-07-30 16:00:00,Fashion,Kemeja Casual,250000,1,Midtrans - Bank Transfer,Paid,250000,2026-07,Thursday
ORD-10112,2026-04-23 02:00:00,Accessories,Headphone Bluetooth,450000,3,Midtrans - Bank Transfer,Paid,1350000,2026-04,Thursday
ORD-10113,2026-06-10 00:00:00,Electronics,Laptop,8500000,1,Credit Card,Paid,8500000,2026-06,Wednesday
ORD-10114,2026-02-12 20:00:00,Fashion,Kemeja Casual,250000,3,Credit Card,Paid,750000,2026-02,Thursday
ORD-10115,2026-01-21 22:00:00,Gadgets,Smartwatch,1200000,1,Midtrans - Bank Transfer,Paid,1200000,2026-01,Wednesday
ORD-10116,2026-07-07 05:00:00,Electronics,Laptop,8500000,3,E-Wallet,Paid,25500000,2026-07,Tuesday
ORD-10117,2026-02-06 06:00:00,Home & Living,Lampu Meja,150000,3,E-Wallet,Paid,450000,2026-02,Friday
ORD-10118,2026-07-07 00:00:00,Fashion,Kemeja Casual,250000,2,Midtrans - QRIS,Paid,500000,2026-07,Tuesday
ORD-10119,2026-01-09 14:00:00,Accessories,Headphone Bluetooth,450000,2,E-Wallet,Paid,900000,2026-01,Friday
ORD-10120,2026-08-02 22:00:00,Gadgets,Smartwatch,1200000,1,Midtrans - Bank Transfer,Paid,1200000,2026-08,Sunday
ORD-10121,2026-03-03 20:00:00,Gadgets,Smartwatch,1200000,1,Midtrans - QRIS,Paid,1200000,2026-03,Tuesday
ORD-10122,2026-02-05 23:00:00,Gadgets,Smartwatch,1200000,3,Credit Card,Paid,3600000,2026-02,Thursday
ORD-10123,2026-04-27 06:00:00,Fashion,Kemeja Casual,250000,3,Credit Card,Paid,750000,2026-04,Monday
ORD-10124,2026-01-24 11:00:00,Home & Living,Lampu Meja,150000,3,E-Wallet,Paid,450000,2026-01,Saturday
ORD-10125,2026-08-02 04:00:00,Gadgets,Smartwatch,1200000,3,Midtrans - Bank Transfer,Paid,3600000,2026-08,Sunday
ORD-10126,2026-06-24 15:00:00,Home & Living,Lampu Meja,150000,3,E-Wallet,Pending,450000,2026-06,Wednesday
ORD-10127,2026-03-15 05:00:00,Home & Living,Lampu Meja,150000,2,Midtrans - QRIS,Paid,300000,2026-03,Sunday
ORD-10128,2026-03-11 22:00:00,Accessories,Headphone Bluetooth,450000,2,Credit Card,Pending,900000,2026-03,Wednesday
ORD-10129,2026-05-16 02:00:00,Gadgets,Smartwatch,1200000,3,E-Wallet,Paid,3600000,2026-05,Saturday
ORD-10130,2026-07-13 04:00:00,Gadgets,Smartwatch,1200000,2,Midtrans - QRIS,Paid,2400000,2026-07,Monday
ORD-10131,2026-02-14 03:00:00,Accessories,Headphone Bluetooth,450000,2,Midtrans - Bank Transfer,Paid,900000,2026-02,Saturday
ORD-10132,2026-08-08 23:00:00,Gadgets,Smartwatch,1200000,2,Credit Card,Paid,2400000,2026-08,Saturday
ORD-10133,2026-03-13 18:00:00,Electronics,Laptop,8500000,2,Midtrans - Bank Transfer,Paid,17000000,2026-03,Friday
ORD-10134,2026-05-19 02:00:00,Gadgets,Smartwatch,1200000,2,Credit Card,Paid,2400000,2026-05,Tuesday
ORD-10135,2026-05-12 13:00:00,Gadgets,Smartwatch,1200000,1,Midtrans - QRIS,Paid,1200000,2026-05,Tuesday
ORD-10136,2026-04-20 09:00:00,Accessories,Headphone Bluetooth,450000,3,Midtrans - QRIS,Paid,1350000,2026-04,Monday
ORD-10137,2026-04-24 17:00:00,Gadgets,Smartwatch,1200000,1,Midtrans - QRIS,Paid,1200000,2026-04,Friday
ORD-10138,2026-03-08 13:00:00,Fashion,Kemeja Casual,250000,2,Midtrans - Bank Transfer,Paid,500000,2026-03,Sunday
ORD-10139,2026-05-08 12:00:00,Electronics,Laptop,8500000,2,Credit Card,Paid,17000000,2026-05,Friday
ORD-10140,2026-04-23 05:00:00,Fashion,Kemeja Casual,250000,3,E-Wallet,Paid,750000,2026-04,Thursday
ORD-10141,2026-07-23 19:00:00,Fashion,Kemeja Casual,250000,1,Midtrans - QRIS,Paid,250000,2026-07,Thursday
ORD-10142,2026-08-03 11:00:00,Fashion,Kemeja Casual,250000,1,Credit Card,Paid,250000,2026-08,Monday
ORD-10143,2026-06-01 03:00:00,Electronics,Laptop,8500000,3,E-Wallet,Paid,25500000,2026-06,Monday
ORD-10144,2026-02-26 19:00:00,Accessories,Headphone Bluetooth,450000,1,Midtrans - QRIS,Paid,450000,2026-02,Thursday
ORD-10145,2026-03-24 13:00:00,Home & Living,Lampu Meja,150000,3,E-Wallet,Paid,450000,2026-03,Tuesday
ORD-10146,2026-03-11 07:00:00,Electronics,Laptop,8500000,2,Midtrans - Bank Transfer,Paid,17000000,2026-03,Wednesday
ORD-10147,2026-03-05 17:00:00,Electronics,Laptop,8500000,2,E-Wallet,Paid,17000000,2026-03,Thursday
ORD-10148,2026-03-26 22:00:00,Accessories,Headphone Bluetooth,450000,2,Credit Card,Paid,900000,2026-03,Thursday
ORD-10149,2026-05-18 14:00:00,Accessories,Headphone Bluetooth,450000,3,Midtrans - Bank Transfer,Paid,1350000,2026-05,Monday
ORD-10150,2026-04-04 05:00:00,Gadgets,Smartwatch,1200000,2,Credit Card,Paid,2400000,2026-04,Saturday
ORD-10151,2026-02-24 10:00:00,Fashion,Kemeja Casual,250000,3,Midtrans - Bank Transfer,Paid,750000,2026-02,Tuesday
ORD-10152,2026-06-17 21:00:00,Accessories,Headphone Bluetooth,450000,1,E-Wallet,Paid,450000,2026-06,Wednesday
ORD-10153,2026-04-22 11:00:00,Electronics,Laptop,8500000,3,Midtrans - QRIS,Paid,25500000,2026-04,Wednesday
ORD-10154,2026-07-31 04:00:00,Gadgets,Smartwatch,1200000,1,Midtrans - Bank Transfer,Paid,1200000,2026-07,Friday
ORD-10155,2026-02-23 10:00:00,Gadgets,Smartwatch,1200000,1,E-Wallet,Paid,1200000,2026-02,Monday
ORD-10156,2026-01-30 13:00:00,Accessories,Headphone Bluetooth,450000,2,E-Wallet,Paid,900000,2026-01,Friday
ORD-10157,2026-07-17 16:00:00,Gadgets,Smartwatch,1200000,1,Midtrans - QRIS,Paid,1200000,2026-07,Friday
ORD-10158,2026-07-03 21:00:00,Fashion,Kemeja Casual,250000,3,E-Wallet,Paid,750000,2026-07,Friday
ORD-10159,2026-06-06 04:00:00,Electronics,Laptop,8500000,3,Midtrans - QRIS,Paid,25500000,2026-06,Saturday
ORD-10160,2026-07-19 03:00:00,Gadgets,Smartwatch,1200000,2,E-Wallet,Paid,2400000,2026-07,Sunday
ORD-10161,2026-01-28 15:00:00,Accessories,Headphone Bluetooth,450000,1,Midtrans - Bank Transfer,Paid,450000,2026-01,Wednesday
ORD-10162,2026-03-25 06:00:00,Electronics,Laptop,8500000,3,E-Wallet,Paid,25500000,2026-03,Wednesday
ORD-10163,2026-05-24 13:00:00,Electronics,Laptop,8500000,3,E-Wallet,Paid,25500000,2026-05,Sunday
ORD-10164,2026-06-05 23:00:00,Gadgets,Smartwatch,1200000,3,E-Wallet,Paid,3600000,2026-06,Friday
ORD-10165,2026-03-04 07:00:00,Gadgets,Smartwatch,1200000,3,E-Wallet,Paid,3600000,2026-03,Wednesday
ORD-10166,2026-05-18 16:00:00,Gadgets,Smartwatch,1200000,1,Midtrans - Bank Transfer,Paid,1200000,2026-05,Monday
ORD-10167,2026-06-06 19:00:00,Gadgets,Smartwatch,1200000,2,Midtrans - QRIS,Paid,2400000,2026-06,Saturday
ORD-10168,2026-08-07 00:00:00,Electronics,Laptop,8500000,1,E-Wallet,Paid,8500000,2026-08,Friday
ORD-10169,2026-03-19 05:00:00,Gadgets,Smartwatch,1200000,2,Midtrans - Bank Transfer,Paid,2400000,2026-03,Thursday
ORD-10170,2026-07-14 03:00:00,Electronics,Laptop,8500000,3,Midtrans - QRIS,Paid,25500000,2026-07,Tuesday
ORD-10171,2026-02-23 19:00:00,Electronics,Laptop,8500000,1,Midtrans - QRIS,Pending,8500000,2026-02,Monday
ORD-10172,2026-05-30 05:00:00,Electronics,Laptop,8500000,1,Credit Card,Paid,8500000,2026-05,Saturday
ORD-10173,2026-05-25 01:00:00,Fashion,Kemeja Casual,250000,2,Credit Card,Paid,500000,2026-05,Monday
ORD-10174,2026-03-10 04:00:00,Home & Living,Lampu Meja,150000,3,Midtrans - QRIS,Paid,450000,2026-03,Tuesday
ORD-10175,2026-06-04 00:00:00,Gadgets,Smartwatch,1200000,2,E-Wallet,Pending,2400000,2026-06,Thursday
ORD-10176,2026-05-05 23:00:00,Fashion,Kemeja Casual,250000,2,Midtrans - QRIS,Paid,500000,2026-05,Tuesday
ORD-10177,2026-05-12 08:00:00,Fashion,Kemeja Casual,250000,2,Midtrans - QRIS,Paid,500000,2026-05,Tuesday
ORD-10178,2026-01-30 02:00:00,Gadgets,Smartwatch,1200000,2,Midtrans - Bank Transfer,Paid,2400000,2026-01,Friday
ORD-10179,2026-04-01 00:00:00,Home & Living,Lampu Meja,150000,2,Credit Card,Paid,300000,2026-04,Wednesday
ORD-10180,2026-06-20 17:00:00,Fashion,Kemeja Casual,250000,2,E-Wallet,Paid,500000,2026-06,Saturday
ORD-10181,2026-07-17 09:00:00,Fashion,Kemeja Casual,250000,1,Midtrans - QRIS,Paid,250000,2026-07,Friday
ORD-10182,2026-02-05 14:00:00,Electronics,Laptop,8500000,3,Midtrans - QRIS,Paid,25500000,2026-02,Thursday
ORD-10183,2026-05-25 18:00:00,Accessories,Headphone Bluetooth,450000,3,Credit Card,Paid,1350000,2026-05,Monday
ORD-10184,2026-08-07 17:00:00,Electronics,Laptop,8500000,1,Midtrans - Bank Transfer,Paid,8500000,2026-08,Friday
ORD-10185,2026-08-04 12:00:00,Accessories,Headphone Bluetooth,450000,2,E-Wallet,Paid,900000,2026-08,Tuesday
ORD-10186,2026-03-13 03:00:00,Gadgets,Smartwatch,1200000,1,E-Wallet,Paid,1200000,2026-03,Friday
ORD-10187,2026-04-26 17:00:00,Gadgets,Smartwatch,1200000,1,Credit Card,Paid,1200000,2026-04,Sunday
ORD-10188,2026-03-14 05:00:00,Fashion,Kemeja Casual,250000,1,E-Wallet,Paid,250000,2026-03,Saturday
ORD-10189,2026-07-25 11:00:00,Accessories,Headphone Bluetooth,450000,3,Midtrans - QRIS,Paid,1350000,2026-07,Saturday
ORD-10190,2026-05-27 06:00:00,Home & Living,Lampu Meja,150000,3,Credit Card,Paid,450000,2026-05,Wednesday
ORD-10191,2026-01-09 10:00:00,Fashion,Kemeja Casual,250000,2,Midtrans - Bank Transfer,Paid,500000,2026-01,Friday
ORD-10192,2026-05-16 15:00:00,Home & Living,Lampu Meja,150000,2,Midtrans - Bank Transfer,Paid,300000,2026-05,Saturday
ORD-10193,2026-06-25 18:00:00,Electronics,Laptop,8500000,3,Credit Card,Paid,25500000,2026-06,Thursday
ORD-10194,2026-07-07 08:00:00,Accessories,Headphone Bluetooth,450000,1,E-Wallet,Paid,450000,2026-07,Tuesday
ORD-10195,2026-02-01 22:00:00,Home & Living,Lampu Meja,150000,3,E-Wallet,Paid,450000,2026-02,Sunday
ORD-10196,2026-07-02 21:00:00,Electronics,Laptop,8500000,3,E-Wallet,Paid,25500000,2026-07,Thursday
ORD-10197,2026-04-07 23:00:00,Gadgets,Smartwatch,1200000,1,E-Wallet,Paid,1200000,2026-04,Tuesday
ORD-10198,2026-05-03 03:00:00,Fashion,Kemeja Casual,250000,3,Midtrans - Bank Transfer,Paid,750000,2026-05,Sunday
ORD-10199,2026-01-09 05:00:00,Accessories,Headphone Bluetooth,450000,3,Credit Card,Paid,1350000,2026-01,Friday
ORD-10200,2026-03-22 10:00:00,Accessories,Headphone Bluetooth,450000,1,Midtrans - QRIS,Failed,450000,2026-03,Sunday
ORD-10201,2026-05-30 06:00:00,Fashion,Kemeja Casual,250000,2,Credit Card,Paid,500000,2026-05,Saturday
ORD-10202,2026-01-26 08:00:00,Accessories,Headphone Bluetooth,450000,2,Credit Card,Paid,900000,2026-01,Monday
ORD-10203,2026-05-17 08:00:00,Accessories,Headphone Bluetooth,450000,1,Midtrans - Bank Transfer,Paid,450000,2026-05,Sunday
ORD-10204,2026-02-17 19:00:00,Fashion,Kemeja Casual,250000,1,Midtrans - Bank Transfer,Paid,250000,2026-02,Tuesday
ORD-10205,2026-06-28 10:00:00,Accessories,Headphone Bluetooth,450000,1,E-Wallet,Paid,450000,2026-06,Sunday
ORD-10206,2026-05-22 13:00:00,Home & Living,Lampu Meja,150000,1,E-Wallet,Paid,150000,2026-05,Friday
ORD-10207,2026-04-15 15:00:00,Accessories,Headphone Bluetooth,450000,3,Midtrans - Bank Transfer,Paid,1350000,2026-04,Wednesday
ORD-10208,2026-03-16 18:00:00,Gadgets,Smartwatch,1200000,2,E-Wallet,Paid,2400000,2026-03,Monday
ORD-10209,2026-01-28 11:00:00,Fashion,Kemeja Casual,250000,3,Midtrans - Bank Transfer,Paid,750000,2026-01,Wednesday
ORD-10210,2026-04-28 03:00:00,Accessories,Headphone Bluetooth,450000,2,Midtrans - QRIS,Paid,900000,2026-04,Tuesday
ORD-10211,2026-02-27 01:00:00,Accessories,Headphone Bluetooth,450000,1,Midtrans - Bank Transfer,Paid,450000,2026-02,Friday
ORD-10212,2026-03-24 18:00:00,Electronics,Laptop,8500000,1,Midtrans - Bank Transfer,Paid,8500000,2026-03,Tuesday
ORD-10213,2026-01-07 02:00:00,Accessories,Headphone Bluetooth,450000,1,Midtrans - QRIS,Pending,450000,2026-01,Wednesday
ORD-10214,2026-05-15 03:00:00,Gadgets,Smartwatch,1200000,1,E-Wallet,Paid,1200000,2026-05,Friday
ORD-10215,2026-05-02 07:00:00,Fashion,Kemeja Casual,250000,3,Midtrans - QRIS,Paid,750000,2026-05,Saturday
ORD-10216,2026-03-14 06:00:00,Electronics,Laptop,8500000,3,E-Wallet,Paid,25500000,2026-03,Saturday
ORD-10217,2026-03-18 19:00:00,Accessories,Headphone Bluetooth,450000,1,Credit Card,Paid,450000,2026-03,Wednesday
ORD-10218,2026-01-21 08:00:00,Accessories,Headphone Bluetooth,450000,1,Credit Card,Paid,450000,2026-01,Wednesday
ORD-10219,2026-05-05 00:00:00,Accessories,Headphone Bluetooth,450000,3,E-Wallet,Paid,1350000,2026-05,Tuesday
ORD-10220,2026-03-23 15:00:00,Electronics,Laptop,8500000,1,E-Wallet,Paid,8500000,2026-03,Monday
ORD-10221,2026-04-10 09:00:00,Fashion,Kemeja Casual,250000,3,Midtrans - QRIS,Failed,750000,2026-04,Friday
ORD-10222,2026-05-02 15:00:00,Gadgets,Smartwatch,1200000,3,Credit Card,Paid,3600000,2026-05,Saturday
ORD-10223,2026-07-17 08:00:00,Gadgets,Smartwatch,1200000,3,Credit Card,Paid,3600000,2026-07,Friday
ORD-10224,2026-03-17 02:00:00,Accessories,Headphone Bluetooth,450000,2,Midtrans - QRIS,Paid,900000,2026-03,Tuesday
ORD-10225,2026-06-19 05:00:00,Fashion,Kemeja Casual,250000,2,Credit Card,Paid,500000,2026-06,Friday
ORD-10226,2026-05-21 09:00:00,Gadgets,Smartwatch,1200000,1,Credit Card,Paid,1200000,2026-05,Thursday
ORD-10227,2026-01-11 22:00:00,Electronics,Laptop,8500000,1,Midtrans - QRIS,Paid,8500000,2026-01,Sunday
ORD-10228,2026-01-26 23:00:00,Home & Living,Lampu Meja,150000,1,E-Wallet,Paid,150000,2026-01,Monday
ORD-10229,2026-02-12 08:00:00,Electronics,Laptop,8500000,1,Midtrans - Bank Transfer,Paid,8500000,2026-02,Thursday
ORD-10230,2026-06-01 19:00:00,Fashion,Kemeja Casual,250000,2,Midtrans - Bank Transfer,Paid,500000,2026-06,Monday
ORD-10231,2026-07-27 08:00:00,Home & Living,Lampu Meja,150000,2,Midtrans - QRIS,Paid,300000,2026-07,Monday
ORD-10232,2026-03-27 09:00:00,Gadgets,Smartwatch,1200000,2,Credit Card,Paid,2400000,2026-03,Friday
ORD-10233,2026-06-05 03:00:00,Electronics,Laptop,8500000,2,Credit Card,Paid,17000000,2026-06,Friday
ORD-10234,2026-07-09 12:00:00,Home & Living,Lampu Meja,150000,2,E-Wallet,Paid,300000,2026-07,Thursday
ORD-10235,2026-05-10 12:00:00,Fashion,Kemeja Casual,250000,2,E-Wallet,Paid,500000,2026-05,Sunday
ORD-10236,2026-08-08 23:00:00,Accessories,Headphone Bluetooth,450000,3,Midtrans - QRIS,Paid,1350000,2026-08,Saturday
ORD-10237,2026-06-20 10:00:00,Accessories,Headphone Bluetooth,450000,3,Midtrans - QRIS,Paid,1350000,2026-06,Saturday
ORD-10238,2026-03-27 16:00:00,Electronics,Laptop,8500000,1,Credit Card,Paid,8500000,2026-03,Friday
ORD-10239,2026-05-13 02:00:00,Accessories,Headphone Bluetooth,450000,2,Midtrans - Bank Transfer,Failed,900000,2026-05,Wednesday
ORD-10240,2026-03-12 02:00:00,Gadgets,Smartwatch,1200000,3,E-Wallet,Paid,3600000,2026-03,Thursday
ORD-10241,2026-04-04 23:00:00,Home & Living,Lampu Meja,150000,1,Midtrans - QRIS,Paid,150000,2026-04,Saturday
ORD-10242,2026-02-18 02:00:00,Accessories,Headphone Bluetooth,450000,2,Midtrans - QRIS,Paid,900000,2026-02,Wednesday
ORD-10243,2026-07-07 11:00:00,Gadgets,Smartwatch,1200000,3,Midtrans - QRIS,Paid,3600000,2026-07,Tuesday
ORD-10244,2026-05-13 23:00:00,Home & Living,Lampu Meja,150000,3,E-Wallet,Paid,450000,2026-05,Wednesday
ORD-10245,2026-03-12 16:00:00,Home & Living,Lampu Meja,150000,1,Midtrans - Bank Transfer,Paid,150000,2026-03,Thursday
ORD-10246,2026-06-16 07:00:00,Home & Living,Lampu Meja,150000,3,Midtrans - QRIS,Paid,450000,2026-06,Tuesday
ORD-10247,2026-07-16 19:00:00,Accessories,Headphone Bluetooth,450000,2,Credit Card,Paid,900000,2026-07,Thursday
ORD-10248,2026-07-15 02:00:00,Electronics,Laptop,8500000,1,Credit Card,Paid,8500000,2026-07,Wednesday
ORD-10249,2026-03-10 16:00:00,Fashion,Kemeja Casual,250000,1,E-Wallet,Paid,250000,2026-03,Tuesday
ORD-10250,2026-03-02 05:00:00,Electronics,Laptop,8500000,3,E-Wallet,Paid,25500000,2026-03,Monday
ORD-10251,2026-06-24 23:00:00,Fashion,Kemeja Casual,250000,3,Midtrans - Bank Transfer,Paid,750000,2026-06,Wednesday
ORD-10252,2026-06-13 11:00:00,Home & Living,Lampu Meja,150000,3,Midtrans - QRIS,Paid,450000,2026-06,Saturday
ORD-10253,2026-01-11 13:00:00,Accessories,Headphone Bluetooth,450000,1,E-Wallet,Paid,450000,2026-01,Sunday
ORD-10254,2026-05-13 15:00:00,Fashion,Kemeja Casual,250000,2,Midtrans - QRIS,Paid,500000,2026-05,Wednesday
ORD-10255,2026-04-17 13:00:00,Electronics,Laptop,8500000,2,Midtrans - QRIS,Paid,17000000,2026-04,Friday
ORD-10256,2026-01-05 02:00:00,Accessories,Headphone Bluetooth,450000,1,E-Wallet,Paid,450000,2026-01,Monday
ORD-10257,2026-04-02 16:00:00,Home & Living,Lampu Meja,150000,3,Credit Card,Paid,450000,2026-04,Thursday
ORD-10258,2026-05-04 09:00:00,Home & Living,Lampu Meja,150000,1,Midtrans - QRIS,Paid,150000,2026-05,Monday
ORD-10259,2026-07-27 05:00:00,Accessories,Headphone Bluetooth,450000,2,E-Wallet,Paid,900000,2026-07,Monday
ORD-10260,2026-07-04 17:00:00,Fashion,Kemeja Casual,250000,1,Midtrans - QRIS,Paid,250000,2026-07,Saturday
ORD-10261,2026-06-07 09:00:00,Accessories,Headphone Bluetooth,450000,2,Midtrans - QRIS,Paid,900000,2026-06,Sunday
ORD-10262,2026-04-30 13:00:00,Gadgets,Smartwatch,1200000,1,Midtrans - Bank Transfer,Paid,1200000,2026-04,Thursday
ORD-10263,2026-05-15 18:00:00,Gadgets,Smartwatch,1200000,1,Midtrans - QRIS,Paid,1200000,2026-05,Friday
ORD-10264,2026-06-07 23:00:00,Accessories,Headphone Bluetooth,450000,2,Credit Card,Paid,900000,2026-06,Sunday
ORD-10265,2026-02-09 20:00:00,Fashion,Kemeja Casual,250000,2,Midtrans - QRIS,Paid,500000,2026-02,Monday
ORD-10266,2026-06-19 11:00:00,Gadgets,Smartwatch,1200000,3,Midtrans - Bank Transfer,Paid,3600000,2026-06,Friday
ORD-10267,2026-01-07 16:00:00,Home & Living,Lampu Meja,150000,2,E-Wallet,Paid,300000,2026-01,Wednesday
ORD-10268,2026-07-07 05:00:00,Fashion,Kemeja Casual,250000,2,Midtrans - Bank Transfer,Paid,500000,2026-07,Tuesday
ORD-10269,2026-02-24 04:00:00,Home & Living,Lampu Meja,150000,1,E-Wallet,Paid,150000,2026-02,Tuesday
ORD-10270,2026-07-24 15:00:00,Electronics,Laptop,8500000,3,Midtrans - Bank Transfer,Paid,25500000,2026-07,Friday
ORD-10271,2026-06-16 03:00:00,Gadgets,Smartwatch,1200000,1,Credit Card,Paid,1200000,2026-06,Tuesday
ORD-10272,2026-03-05 15:00:00,Home & Living,Lampu Meja,150000,1,E-Wallet,Paid,150000,2026-03,Thursday
ORD-10273,2026-08-07 22:00:00,Electronics,Laptop,8500000,1,Midtrans - QRIS,Paid,8500000,2026-08,Friday
ORD-10274,2026-02-20 18:00:00,Home & Living,Lampu Meja,150000,3,Midtrans - QRIS,Failed,450000,2026-02,Friday
ORD-10275,2026-07-07 08:00:00,Gadgets,Smartwatch,1200000,3,Credit Card,Paid,3600000,2026-07,Tuesday
ORD-10276,2026-07-17 07:00:00,Accessories,Headphone Bluetooth,450000,1,E-Wallet,Paid,450000,2026-07,Friday
ORD-10277,2026-05-10 08:00:00,Fashion,Kemeja Casual,250000,3,Midtrans - Bank Transfer,Paid,750000,2026-05,Sunday
ORD-10278,2026-04-24 23:00:00,Accessories,Headphone Bluetooth,450000,2,Midtrans - Bank Transfer,Pending,900000,2026-04,Friday
ORD-10279,2026-07-09 19:00:00,Home & Living,Lampu Meja,150000,1,Credit Card,Paid,150000,2026-07,Thursday
ORD-10280,2026-02-09 18:00:00,Fashion,Kemeja Casual,250000,3,Midtrans - Bank Transfer,Paid,750000,2026-02,Monday
ORD-10281,2026-07-10 05:00:00,Accessories,Headphone Bluetooth,450000,1,Midtrans - Bank Transfer,Paid,450000,2026-07,Friday
ORD-10282,2026-05-24 14:00:00,Accessories,Headphone Bluetooth,450000,2,Midtrans - QRIS,Paid,900000,2026-05,Sunday
ORD-10283,2026-02-13 13:00:00,Fashion,Kemeja Casual,250000,3,Midtrans - Bank Transfer,Paid,750000,2026-02,Friday
ORD-10284,2026-03-12 13:00:00,Gadgets,Smartwatch,1200000,2,Midtrans - Bank Transfer,Paid,2400000,2026-03,Thursday
ORD-10285,2026-05-24 04:00:00,Gadgets,Smartwatch,1200000,1,Credit Card,Pending,1200000,2026-05,Sunday
ORD-10286,2026-01-24 10:00:00,Electronics,Laptop,8500000,1,Midtrans - QRIS,Paid,8500000,2026-01,Saturday
ORD-10287,2026-04-14 13:00:00,Fashion,Kemeja Casual,250000,2,Midtrans - QRIS,Paid,500000,2026-04,Tuesday
ORD-10288,2026-05-20 18:00:00,Home & Living,Lampu Meja,150000,3,E-Wallet,Paid,450000,2026-05,Wednesday
ORD-10289,2026-01-10 09:00:00,Fashion,Kemeja Casual,250000,2,Credit Card,Paid,500000,2026-01,Saturday
ORD-10290,2026-07-23 21:00:00,Accessories,Headphone Bluetooth,450000,2,E-Wallet,Paid,900000,2026-07,Thursday
ORD-10291,2026-02-09 23:00:00,Gadgets,Smartwatch,1200000,3,E-Wallet,Paid,3600000,2026-02,Monday
ORD-10292,2026-07-09 12:00:00,Home & Living,Lampu Meja,150000,1,Midtrans - Bank Transfer,Paid,150000,2026-07,Thursday
ORD-10293,2026-05-08 19:00:00,Electronics,Laptop,8500000,3,Credit Card,Paid,25500000,2026-05,Friday
ORD-10294,2026-02-03 23:00:00,Fashion,Kemeja Casual,250000,3,E-Wallet,Paid,750000,2026-02,Tuesday
ORD-10295,2026-07-18 02:00:00,Accessories,Headphone Bluetooth,450000,2,Midtrans - QRIS,Paid,900000,2026-07,Saturday
ORD-10296,2026-07-13 10:00:00,Electronics,Laptop,8500000,1,Midtrans - QRIS,Failed,8500000,2026-07,Monday
ORD-10297,2026-05-11 00:00:00,Accessories,Headphone Bluetooth,450000,3,Credit Card,Paid,1350000,2026-05,Monday
ORD-10298,2026-01-01 16:00:00,Electronics,Laptop,8500000,3,Credit Card,Failed,25500000,2026-01,Thursday
ORD-10299,2026-02-21 19:00:00,Gadgets,Smartwatch,1200000,1,Midtrans - Bank Transfer,Paid,1200000,2026-02,Saturday
ORD-10300,2026-04-02 21:00:00,Fashion,Kemeja Casual,250000,1,E-Wallet,Paid,250000,2026-04,Thursday
ORD-10301,2026-04-16 04:00:00,Electronics,Laptop,8500000,3,Midtrans - QRIS,Paid,25500000,2026-04,Thursday
ORD-10302,2026-02-14 13:00:00,Electronics,Laptop,8500000,1,Midtrans - Bank Transfer,Paid,8500000,2026-02,Saturday
ORD-10303,2026-05-24 12:00:00,Fashion,Kemeja Casual,250000,3,Midtrans - Bank Transfer,Paid,750000,2026-05,Sunday
ORD-10304,2026-04-17 21:00:00,Electronics,Laptop,8500000,1,Midtrans - QRIS,Paid,8500000,2026-04,Friday
ORD-10305,2026-02-14 04:00:00,Fashion,Kemeja Casual,250000,1,Midtrans - QRIS,Paid,250000,2026-02,Saturday
ORD-10306,2026-04-07 23:00:00,Fashion,Kemeja Casual,250000,2,E-Wallet,Paid,500000,2026-04,Tuesday
ORD-10307,2026-05-23 12:00:00,Fashion,Kemeja Casual,250000,2,E-Wallet,Paid,500000,2026-05,Saturday
ORD-10308,2026-01-13 13:00:00,Accessories,Headphone Bluetooth,450000,3,Midtrans - QRIS,Paid,1350000,2026-01,Tuesday
ORD-10309,2026-06-28 04:00:00,Gadgets,Smartwatch,1200000,3,Midtrans - QRIS,Failed,3600000,2026-06,Sunday
ORD-10310,2026-01-26 06:00:00,Home & Living,Lampu Meja,150000,3,Midtrans - Bank Transfer,Paid,450000,2026-01,Monday
ORD-10311,2026-05-13 02:00:00,Accessories,Headphone Bluetooth,450000,2,Credit Card,Paid,900000,2026-05,Wednesday
ORD-10312,2026-01-30 03:00:00,Gadgets,Smartwatch,1200000,2,Credit Card,Paid,2400000,2026-01,Friday
ORD-10313,2026-08-01 00:00:00,Accessories,Headphone Bluetooth,450000,3,Midtrans - QRIS,Paid,1350000,2026-08,Saturday
ORD-10314,2026-02-17 11:00:00,Home & Living,Lampu Meja,150000,1,Midtrans - Bank Transfer,Paid,150000,2026-02,Tuesday
ORD-10315,2026-01-08 22:00:00,Gadgets,Smartwatch,1200000,2,Midtrans - Bank Transfer,Paid,2400000,2026-01,Thursday
ORD-10316,2026-04-06 20:00:00,Electronics,Laptop,8500000,2,Credit Card,Pending,17000000,2026-04,Monday
ORD-10317,2026-02-10 20:00:00,Electronics,Laptop,8500000,2,E-Wallet,Paid,17000000,2026-02,Tuesday
ORD-10318,2026-05-04 23:00:00,Gadgets,Smartwatch,1200000,3,Midtrans - Bank Transfer,Paid,3600000,2026-05,Monday
ORD-10319,2026-02-19 08:00:00,Home & Living,Lampu Meja,150000,3,Midtrans - Bank Transfer,Failed,450000,2026-02,Thursday
ORD-10320,2026-05-19 15:00:00,Gadgets,Smartwatch,1200000,2,E-Wallet,Paid,2400000,2026-05,Tuesday
ORD-10321,2026-05-22 10:00:00,Gadgets,Smartwatch,1200000,1,E-Wallet,Paid,1200000,2026-05,Friday
ORD-10322,2026-01-06 07:00:00,Electronics,Laptop,8500000,3,Credit Card,Pending,25500000,2026-01,Tuesday
ORD-10323,2026-03-28 01:00:00,Fashion,Kemeja Casual,250000,2,E-Wallet,Paid,500000,2026-03,Saturday
ORD-10324,2026-03-17 16:00:00,Gadgets,Smartwatch,1200000,2,Credit Card,Paid,2400000,2026-03,Tuesday
ORD-10325,2026-01-24 17:00:00,Accessories,Headphone Bluetooth,450000,3,Credit Card,Paid,1350000,2026-01,Saturday
ORD-10326,2026-03-20 23:00:00,Electronics,Laptop,8500000,1,Credit Card,Paid,8500000,2026-03,Friday
ORD-10327,2026-04-24 21:00:00,Accessories,Headphone Bluetooth,450000,3,Midtrans - Bank Transfer,Paid,1350000,2026-04,Friday
ORD-10328,2026-06-10 23:00:00,Home & Living,Lampu Meja,150000,1,E-Wallet,Paid,150000,2026-06,Wednesday
ORD-10329,2026-07-16 17:00:00,Electronics,Laptop,8500000,3,Midtrans - Bank Transfer,Failed,25500000,2026-07,Thursday
ORD-10330,2026-06-17 06:00:00,Accessories,Headphone Bluetooth,450000,2,Midtrans - Bank Transfer,Paid,900000,2026-06,Wednesday
ORD-10331,2026-05-01 21:00:00,Gadgets,Smartwatch,1200000,2,Midtrans - QRIS,Paid,2400000,2026-05,Friday
ORD-10332,2026-03-12 06:00:00,Home & Living,Lampu Meja,150000,1,Midtrans - Bank Transfer,Paid,150000,2026-03,Thursday
ORD-10333,2026-05-06 09:00:00,Gadgets,Smartwatch,1200000,1,E-Wallet,Paid,1200000,2026-05,Wednesday
ORD-10334,2026-01-07 10:00:00,Accessories,Headphone Bluetooth,450000,3,Midtrans - Bank Transfer,Paid,1350000,2026-01,Wednesday
ORD-10335,2026-04-16 17:00:00,Electronics,Laptop,8500000,2,Midtrans - QRIS,Paid,17000000,2026-04,Thursday
ORD-10336,2026-02-28 17:00:00,Gadgets,Smartwatch,1200000,1,Credit Card,Pending,1200000,2026-02,Saturday
ORD-10337,2026-06-19 01:00:00,Gadgets,Smartwatch,1200000,1,Midtrans - Bank Transfer,Paid,1200000,2026-06,Friday
ORD-10338,2026-02-02 16:00:00,Home & Living,Lampu Meja,150000,2,Midtrans - QRIS,Paid,300000,2026-02,Monday
ORD-10339,2026-05-13 07:00:00,Gadgets,Smartwatch,1200000,2,Midtrans - QRIS,Paid,2400000,2026-05,Wednesday
ORD-10340,2026-06-30 21:00:00,Home & Living,Lampu Meja,150000,2,Midtrans - Bank Transfer,Paid,300000,2026-06,Tuesday
ORD-10341,2026-04-27 22:00:00,Fashion,Kemeja Casual,250000,2,Credit Card,Paid,500000,2026-04,Monday
ORD-10342,2026-01-23 09:00:00,Electronics,Laptop,8500000,1,E-Wallet,Paid,8500000,2026-01,Friday
ORD-10343,2026-03-18 17:00:00,Home & Living,Lampu Meja,150000,3,Midtrans - Bank Transfer,Paid,450000,2026-03,Wednesday
ORD-10344,2026-07-29 00:00:00,Fashion,Kemeja Casual,250000,2,Credit Card,Paid,500000,2026-07,Wednesday
ORD-10345,2026-04-13 07:00:00,Gadgets,Smartwatch,1200000,3,Credit Card,Paid,3600000,2026-04,Monday
ORD-10346,2026-01-22 20:00:00,Gadgets,Smartwatch,1200000,1,E-Wallet,Paid,1200000,2026-01,Thursday
ORD-10347,2026-05-03 22:00:00,Home & Living,Lampu Meja,150000,2,Midtrans - Bank Transfer,Paid,300000,2026-05,Sunday
ORD-10348,2026-06-22 03:00:00,Accessories,Headphone Bluetooth,450000,3,Midtrans - Bank Transfer,Paid,1350000,2026-06,Monday
ORD-10349,2026-07-19 04:00:00,Gadgets,Smartwatch,1200000,2,E-Wallet,Paid,2400000,2026-07,Sunday
ORD-10350,2026-06-21 11:00:00,Electronics,Laptop,8500000,3,E-Wallet,Paid,25500000,2026-06,Sunday
ORD-10351,2026-04-09 16:00:00,Fashion,Kemeja Casual,250000,3,Midtrans - Bank Transfer,Paid,750000,2026-04,Thursday
ORD-10352,2026-06-10 07:00:00,Home & Living,Lampu Meja,150000,3,Credit Card,Paid,450000,2026-06,Wednesday
ORD-10353,2026-07-07 07:00:00,Gadgets,Smartwatch,1200000,1,E-Wallet,Paid,1200000,2026-07,Tuesday
ORD-10354,2026-04-23 13:00:00,Home & Living,Lampu Meja,150000,2,Credit Card,Paid,300000,2026-04,Thursday
ORD-10355,2026-02-10 11:00:00,Gadgets,Smartwatch,1200000,1,Midtrans - Bank Transfer,Paid,1200000,2026-02,Tuesday
ORD-10356,2026-02-18 14:00:00,Fashion,Kemeja Casual,250000,2,Credit Card,Paid,500000,2026-02,Wednesday
ORD-10357,2026-08-06 03:00:00,Electronics,Laptop,8500000,3,Midtrans - QRIS,Pending,25500000,2026-08,Thursday
ORD-10358,2026-07-25 09:00:00,Fashion,Kemeja Casual,250000,3,Midtrans - Bank Transfer,Paid,750000,2026-07,Saturday
ORD-10359,2026-04-26 14:00:00,Accessories,Headphone Bluetooth,450000,3,Midtrans - QRIS,Paid,1350000,2026-04,Sunday
ORD-10360,2026-03-24 14:00:00,Home & Living,Lampu Meja,150000,3,Midtrans - Bank Transfer,Paid,450000,2026-03,Tuesday
ORD-10361,2026-02-05 13:00:00,Gadgets,Smartwatch,1200000,2,E-Wallet,Paid,2400000,2026-02,Thursday
ORD-10362,2026-06-22 18:00:00,Accessories,Headphone Bluetooth,450000,1,Midtrans - QRIS,Paid,450000,2026-06,Monday
ORD-10363,2026-06-05 16:00:00,Electronics,Laptop,8500000,1,Midtrans - QRIS,Paid,8500000,2026-06,Friday
ORD-10364,2026-06-07 01:00:00,Home & Living,Lampu Meja,150000,1,Credit Card,Paid,150000,2026-06,Sunday
ORD-10365,2026-01-24 22:00:00,Electronics,Laptop,8500000,3,E-Wallet,Paid,25500000,2026-01,Saturday
ORD-10366,2026-05-16 21:00:00,Fashion,Kemeja Casual,250000,1,Midtrans - Bank Transfer,Paid,250000,2026-05,Saturday
ORD-10367,2026-02-17 20:00:00,Electronics,Laptop,8500000,3,Credit Card,Paid,25500000,2026-02,Tuesday
ORD-10368,2026-03-13 11:00:00,Accessories,Headphone Bluetooth,450000,2,Midtrans - Bank Transfer,Paid,900000,2026-03,Friday
ORD-10369,2026-07-19 01:00:00,Gadgets,Smartwatch,1200000,3,Credit Card,Failed,3600000,2026-07,Sunday
ORD-10370,2026-07-25 13:00:00,Fashion,Kemeja Casual,250000,1,Credit Card,Paid,250000,2026-07,Saturday
ORD-10371,2026-06-10 14:00:00,Gadgets,Smartwatch,1200000,1,Credit Card,Paid,1200000,2026-06,Wednesday
ORD-10372,2026-08-04 13:00:00,Accessories,Headphone Bluetooth,450000,1,Midtrans - Bank Transfer,Pending,450000,2026-08,Tuesday
ORD-10373,2026-04-14 19:00:00,Gadgets,Smartwatch,1200000,3,Midtrans - Bank Transfer,Paid,3600000,2026-04,Tuesday
ORD-10374,2026-04-21 20:00:00,Electronics,Laptop,8500000,1,Credit Card,Paid,8500000,2026-04,Tuesday
ORD-10375,2026-05-11 04:00:00,Gadgets,Smartwatch,1200000,2,E-Wallet,Paid,2400000,2026-05,Monday
ORD-10376,2026-05-08 03:00:00,Electronics,Laptop,8500000,3,Midtrans - QRIS,Paid,25500000,2026-05,Friday
ORD-10377,2026-01-01 04:00:00,Accessories,Headphone Bluetooth,450000,3,Midtrans - QRIS,Paid,1350000,2026-01,Thursday
ORD-10378,2026-08-06 14:00:00,Accessories,Headphone Bluetooth,450000,3,E-Wallet,Paid,1350000,2026-08,Thursday
ORD-10379,2026-07-22 21:00:00,Gadgets,Smartwatch,1200000,2,E-Wallet,Paid,2400000,2026-07,Wednesday
ORD-10380,2026-02-06 12:00:00,Gadgets,Smartwatch,1200000,2,E-Wallet,Paid,2400000,2026-02,Friday
ORD-10381,2026-02-11 07:00:00,Electronics,Laptop,8500000,1,E-Wallet,Paid,8500000,2026-02,Wednesday
ORD-10382,2026-06-22 14:00:00,Electronics,Laptop,8500000,2,Midtrans - Bank Transfer,Paid,17000000,2026-06,Monday
ORD-10383,2026-07-01 20:00:00,Fashion,Kemeja Casual,250000,3,E-Wallet,Paid,750000,2026-07,Wednesday
ORD-10384,2026-07-06 01:00:00,Fashion,Kemeja Casual,250000,1,Midtrans - Bank Transfer,Paid,250000,2026-07,Monday
ORD-10385,2026-01-27 11:00:00,Electronics,Laptop,8500000,3,E-Wallet,Paid,25500000,2026-01,Tuesday
ORD-10386,2026-08-06 17:00:00,Accessories,Headphone Bluetooth,450000,1,Midtrans - Bank Transfer,Paid,450000,2026-08,Thursday
ORD-10387,2026-03-12 13:00:00,Electronics,Laptop,8500000,2,Midtrans - Bank Transfer,Paid,17000000,2026-03,Thursday
ORD-10388,2026-03-12 02:00:00,Home & Living,Lampu Meja,150000,1,Midtrans - QRIS,Paid,150000,2026-03,Thursday
ORD-10389,2026-07-18 00:00:00,Accessories,Headphone Bluetooth,450000,1,E-Wallet,Paid,450000,2026-07,Saturday
ORD-10390,2026-01-05 23:00:00,Home & Living,Lampu Meja,150000,2,Midtrans - QRIS,Paid,300000,2026-01,Monday
ORD-10391,2026-02-04 14:00:00,Accessories,Headphone Bluetooth,450000,1,Midtrans - Bank Transfer,Paid,450000,2026-02,Wednesday
ORD-10392,2026-06-03 03:00:00,Accessories,Headphone Bluetooth,450000,3,Credit Card,Paid,1350000,2026-06,Wednesday
ORD-10393,2026-08-04 17:00:00,Electronics,Laptop,8500000,3,Midtrans - Bank Transfer,Paid,25500000,2026-08,Tuesday
ORD-10394,2026-02-27 01:00:00,Home & Living,Lampu Meja,150000,3,Midtrans - Bank Transfer,Pending,450000,2026-02,Friday
ORD-10395,2026-01-31 20:00:00,Accessories,Headphone Bluetooth,450000,1,E-Wallet,Paid,450000,2026-01,Saturday
ORD-10396,2026-01-05 20:00:00,Gadgets,Smartwatch,1200000,1,Midtrans - Bank Transfer,Paid,1200000,2026-01,Monday
ORD-10397,2026-04-29 06:00:00,Accessories,Headphone Bluetooth,450000,1,Midtrans - Bank Transfer,Paid,450000,2026-04,Wednesday
ORD-10398,2026-02-17 22:00:00,Gadgets,Smartwatch,1200000,2,Midtrans - Bank Transfer,Paid,2400000,2026-02,Tuesday
ORD-10399,2026-03-22 11:00:00,Home & Living,Lampu Meja,150000,2,Credit Card,Paid,300000,2026-03,Sunday
ORD-10400,2026-02-12 04:00:00,Electronics,Laptop,8500000,3,E-Wallet,Paid,25500000,2026-02,Thursday
ORD-10401,2026-03-11 08:00:00,Fashion,Kemeja Casual,250000,2,Midtrans - Bank Transfer,Paid,500000,2026-03,Wednesday
ORD-10402,2026-02-15 01:00:00,Fashion,Kemeja Casual,250000,1,Credit Card,Paid,250000,2026-02,Sunday
ORD-10403,2026-07-17 01:00:00,Gadgets,Smartwatch,1200000,1,Midtrans - Bank Transfer,Paid,1200000,2026-07,Friday
ORD-10404,2026-01-22 08:00:00,Home & Living,Lampu Meja,150000,3,Midtrans - Bank Transfer,Pending,450000,2026-01,Thursday
ORD-10405,2026-04-29 17:00:00,Accessories,Headphone Bluetooth,450000,1,Midtrans - QRIS,Paid,450000,2026-04,Wednesday
ORD-10406,2026-08-06 07:00:00,Home & Living,Lampu Meja,150000,1,Midtrans - QRIS,Paid,150000,2026-08,Thursday
ORD-10407,2026-08-07 05:00:00,Home & Living,Lampu Meja,150000,2,Midtrans - Bank Transfer,Paid,300000,2026-08,Friday
ORD-10408,2026-01-24 07:00:00,Gadgets,Smartwatch,1200000,3,E-Wallet,Paid,3600000,2026-01,Saturday
ORD-10409,2026-06-03 00:00:00,Accessories,Headphone Bluetooth,450000,2,Midtrans - Bank Transfer,Paid,900000,2026-06,Wednesday
ORD-10410,2026-07-10 23:00:00,Fashion,Kemeja Casual,250000,1,Midtrans - Bank Transfer,Paid,250000,2026-07,Friday
ORD-10411,2026-07-28 00:00:00,Home & Living,Lampu Meja,150000,3,Midtrans - Bank Transfer,Paid,450000,2026-07,Tuesday
ORD-10412,2026-05-20 07:00:00,Fashion,Kemeja Casual,250000,1,Midtrans - Bank Transfer,Paid,250000,2026-05,Wednesday
ORD-10413,2026-06-19 14:00:00,Electronics,Laptop,8500000,3,E-Wallet,Paid,25500000,2026-06,Friday
ORD-10414,2026-07-19 23:00:00,Gadgets,Smartwatch,1200000,1,Midtrans - QRIS,Paid,1200000,2026-07,Sunday
ORD-10415,2026-03-03 06:00:00,Gadgets,Smartwatch,1200000,3,Midtrans - Bank Transfer,Paid,3600000,2026-03,Tuesday
ORD-10416,2026-01-25 04:00:00,Accessories,Headphone Bluetooth,450000,2,Midtrans - QRIS,Paid,900000,2026-01,Sunday
ORD-10417,2026-04-06 14:00:00,Gadgets,Smartwatch,1200000,2,E-Wallet,Paid,2400000,2026-04,Monday
ORD-10418,2026-05-12 03:00:00,Gadgets,Smartwatch,1200000,3,Midtrans - Bank Transfer,Paid,3600000,2026-05,Tuesday
ORD-10419,2026-06-27 01:00:00,Home & Living,Lampu Meja,150000,2,Credit Card,Paid,300000,2026-06,Saturday
ORD-10420,2026-03-11 23:00:00,Gadgets,Smartwatch,1200000,1,E-Wallet,Paid,1200000,2026-03,Wednesday
ORD-10421,2026-05-27 02:00:00,Gadgets,Smartwatch,1200000,1,Credit Card,Paid,1200000,2026-05,Wednesday
ORD-10422,2026-08-01 04:00:00,Electronics,Laptop,8500000,1,Credit Card,Paid,8500000,2026-08,Saturday
ORD-10423,2026-04-25 08:00:00,Accessories,Headphone Bluetooth,450000,2,E-Wallet,Paid,900000,2026-04,Saturday
ORD-10424,2026-05-20 20:00:00,Home & Living,Lampu Meja,150000,3,Credit Card,Paid,450000,2026-05,Wednesday
ORD-10425,2026-06-18 13:00:00,Home & Living,Lampu Meja,150000,1,Midtrans - Bank Transfer,Paid,150000,2026-06,Thursday
ORD-10426,2026-02-21 19:00:00,Accessories,Headphone Bluetooth,450000,2,E-Wallet,Paid,900000,2026-02,Saturday
ORD-10427,2026-08-05 04:00:00,Gadgets,Smartwatch,1200000,2,Midtrans - Bank Transfer,Paid,2400000,2026-08,Wednesday
ORD-10428,2026-05-10 22:00:00,Electronics,Laptop,8500000,1,Midtrans - QRIS,Paid,8500000,2026-05,Sunday
ORD-10429,2026-08-01 16:00:00,Home & Living,Lampu Meja,150000,3,Credit Card,Paid,450000,2026-08,Saturday
ORD-10430,2026-03-31 05:00:00,Fashion,Kemeja Casual,250000,3,Midtrans - QRIS,Paid,750000,2026-03,Tuesday
ORD-10431,2026-07-30 13:00:00,Home & Living,Lampu Meja,150000,2,Credit Card,Paid,300000,2026-07,Thursday
ORD-10432,2026-05-08 11:00:00,Home & Living,Lampu Meja,150000,1,Credit Card,Paid,150000,2026-05,Friday
ORD-10433,2026-07-09 12:00:00,Fashion,Kemeja Casual,250000,1,Midtrans - QRIS,Paid,250000,2026-07,Thursday
ORD-10434,2026-05-04 07:00:00,Fashion,Kemeja Casual,250000,1,Credit Card,Paid,250000,2026-05,Monday
ORD-10435,2026-04-05 09:00:00,Gadgets,Smartwatch,1200000,2,E-Wallet,Paid,2400000,2026-04,Sunday
ORD-10436,2026-04-14 07:00:00,Accessories,Headphone Bluetooth,450000,1,Credit Card,Failed,450000,2026-04,Tuesday
ORD-10437,2026-07-13 14:00:00,Gadgets,Smartwatch,1200000,1,Midtrans - Bank Transfer,Failed,1200000,2026-07,Monday
ORD-10438,2026-03-10 03:00:00,Gadgets,Smartwatch,1200000,1,Midtrans - Bank Transfer,Paid,1200000,2026-03,Tuesday
ORD-10439,2026-03-15 05:00:00,Accessories,Headphone Bluetooth,450000,2,Midtrans - Bank Transfer,Paid,900000,2026-03,Sunday
ORD-10440,2026-07-05 12:00:00,Home & Living,Lampu Meja,150000,3,Credit Card,Paid,450000,2026-07,Sunday
ORD-10441,2026-03-28 06:00:00,Fashion,Kemeja Casual,250000,1,Credit Card,Paid,250000,2026-03,Saturday
ORD-10442,2026-04-29 17:00:00,Accessories,Headphone Bluetooth,450000,2,Credit Card,Paid,900000,2026-04,Wednesday
ORD-10443,2026-05-16 11:00:00,Gadgets,Smartwatch,1200000,3,Credit Card,Paid,3600000,2026-05,Saturday
ORD-10444,2026-06-05 10:00:00,Electronics,Laptop,8500000,3,E-Wallet,Failed,25500000,2026-06,Friday
ORD-10445,2026-04-14 17:00:00,Accessories,Headphone Bluetooth,450000,3,Midtrans - QRIS,Paid,1350000,2026-04,Tuesday
ORD-10446,2026-03-09 23:00:00,Home & Living,Lampu Meja,150000,1,Midtrans - Bank Transfer,Paid,150000,2026-03,Monday
ORD-10447,2026-04-28 08:00:00,Fashion,Kemeja Casual,250000,2,Midtrans - Bank Transfer,Paid,500000,2026-04,Tuesday
ORD-10448,2026-02-12 07:00:00,Home & Living,Lampu Meja,150000,1,Credit Card,Paid,150000,2026-02,Thursday
ORD-10449,2026-02-26 04:00:00,Gadgets,Smartwatch,1200000,1,Midtrans - Bank Transfer,Paid,1200000,2026-02,Thursday
ORD-10450,2026-07-12 03:00:00,Home & Living,Lampu Meja,150000,3,E-Wallet,Paid,450000,2026-07,Sunday
ORD-10451,2026-05-09 15:00:00,Fashion,Kemeja Casual,250000,3,Midtrans - QRIS,Paid,750000,2026-05,Saturday
ORD-10452,2026-04-29 07:00:00,Gadgets,Smartwatch,1200000,2,Midtrans - Bank Transfer,Paid,2400000,2026-04,Wednesday
ORD-10453,2026-01-14 23:00:00,Gadgets,Smartwatch,1200000,1,Midtrans - Bank Transfer,Paid,1200000,2026-01,Wednesday
ORD-10454,2026-07-11 08:00:00,Electronics,Laptop,8500000,2,Midtrans - QRIS,Pending,17000000,2026-07,Saturday
ORD-10455,2026-02-07 07:00:00,Electronics,Laptop,8500000,3,Credit Card,Paid,25500000,2026-02,Saturday
ORD-10456,2026-05-28 18:00:00,Gadgets,Smartwatch,1200000,2,Credit Card,Paid,2400000,2026-05,Thursday
ORD-10457,2026-02-05 11:00:00,Gadgets,Smartwatch,1200000,2,Credit Card,Paid,2400000,2026-02,Thursday
ORD-10458,2026-03-12 07:00:00,Home & Living,Lampu Meja,150000,3,E-Wallet,Paid,450000,2026-03,Thursday
ORD-10459,2026-03-22 11:00:00,Fashion,Kemeja Casual,250000,1,Credit Card,Paid,250000,2026-03,Sunday
ORD-10460,2026-06-06 02:00:00,Home & Living,Lampu Meja,150000,2,E-Wallet,Paid,300000,2026-06,Saturday
ORD-10461,2026-04-12 03:00:00,Gadgets,Smartwatch,1200000,3,Midtrans - Bank Transfer,Paid,3600000,2026-04,Sunday
ORD-10462,2026-03-07 08:00:00,Electronics,Laptop,8500000,1,Midtrans - Bank Transfer,Paid,8500000,2026-03,Saturday
ORD-10463,2026-06-16 16:00:00,Electronics,Laptop,8500000,3,Credit Card,Paid,25500000,2026-06,Tuesday
ORD-10464,2026-07-30 12:00:00,Home & Living,Lampu Meja,150000,1,Midtrans - Bank Transfer,Failed,150000,2026-07,Thursday
ORD-10465,2026-04-25 02:00:00,Accessories,Headphone Bluetooth,450000,3,Credit Card,Paid,1350000,2026-04,Saturday
ORD-10466,2026-05-26 18:00:00,Accessories,Headphone Bluetooth,450000,2,Credit Card,Paid,900000,2026-05,Tuesday
ORD-10467,2026-08-09 07:00:00,Fashion,Kemeja Casual,250000,2,E-Wallet,Paid,500000,2026-08,Sunday
ORD-10468,2026-06-13 01:00:00,Gadgets,Smartwatch,1200000,2,Midtrans - Bank Transfer,Paid,2400000,2026-06,Saturday
ORD-10469,2026-02-14 10:00:00,Electronics,Laptop,8500000,2,Credit Card,Failed,17000000,2026-02,Saturday
ORD-10470,2026-07-02 12:00:00,Fashion,Kemeja Casual,250000,2,Midtrans - Bank Transfer,Paid,500000,2026-07,Thursday
ORD-10471,2026-04-12 20:00:00,Home & Living,Lampu Meja,150000,1,E-Wallet,Paid,150000,2026-04,Sunday
ORD-10472,2026-06-21 03:00:00,Electronics,Laptop,8500000,3,Midtrans - Bank Transfer,Paid,25500000,2026-06,Sunday
ORD-10473,2026-05-21 13:00:00,Accessories,Headphone Bluetooth,450000,1,Credit Card,Paid,450000,2026-05,Thursday
ORD-10474,2026-06-15 09:00:00,Home & Living,Lampu Meja,150000,2,Credit Card,Paid,300000,2026-06,Monday
ORD-10475,2026-04-17 02:00:00,Electronics,Laptop,8500000,2,Midtrans - QRIS,Paid,17000000,2026-04,Friday
ORD-10476,2026-02-01 09:00:00,Gadgets,Smartwatch,1200000,2,Credit Card,Paid,2400000,2026-02,Sunday
ORD-10477,2026-03-28 18:00:00,Home & Living,Lampu Meja,150000,3,Midtrans - QRIS,Paid,450000,2026-03,Saturday
ORD-10478,2026-04-26 14:00:00,Accessories,Headphone Bluetooth,450000,2,Midtrans - Bank Transfer,Failed,900000,2026-04,Sunday
ORD-10479,2026-05-01 16:00:00,Home & Living,Lampu Meja,150000,2,E-Wallet,Paid,300000,2026-05,Friday
ORD-10480,2026-06-24 09:00:00,Electronics,Laptop,8500000,3,Midtrans - QRIS,Paid,25500000,2026-06,Wednesday
ORD-10481,2026-02-02 07:00:00,Gadgets,Smartwatch,1200000,2,Midtrans - QRIS,Paid,2400000,2026-02,Monday
ORD-10482,2026-03-09 17:00:00,Gadgets,Smartwatch,1200000,2,Credit Card,Paid,2400000,2026-03,Monday
ORD-10483,2026-05-08 21:00:00,Home & Living,Lampu Meja,150000,2,Midtrans - Bank Transfer,Paid,300000,2026-05,Friday
ORD-10484,2026-01-18 09:00:00,Electronics,Laptop,8500000,1,Midtrans - Bank Transfer,Paid,8500000,2026-01,Sunday
ORD-10485,2026-01-05 18:00:00,Accessories,Headphone Bluetooth,450000,1,Credit Card,Paid,450000,2026-01,Monday
ORD-10486,2026-01-26 16:00:00,Electronics,Laptop,8500000,1,Midtrans - QRIS,Paid,8500000,2026-01,Monday
ORD-10487,2026-06-15 14:00:00,Fashion,Kemeja Casual,250000,2,E-Wallet,Paid,500000,2026-06,Monday
ORD-10488,2026-05-17 03:00:00,Gadgets,Smartwatch,1200000,2,Midtrans - QRIS,Paid,2400000,2026-05,Sunday
ORD-10489,2026-02-04 09:00:00,Gadgets,Smartwatch,1200000,1,E-Wallet,Paid,1200000,2026-02,Wednesday
ORD-10490,2026-03-05 04:00:00,Gadgets,Smartwatch,1200000,1,Credit Card,Paid,1200000,2026-03,Thursday
ORD-10491,2026-05-12 02:00:00,Fashion,Kemeja Casual,250000,3,Credit Card,Paid,750000,2026-05,Tuesday
ORD-10492,2026-01-18 04:00:00,Fashion,Kemeja Casual,250000,2,Credit Card,Paid,500000,2026-01,Sunday
ORD-10493,2026-01-31 08:00:00,Gadgets,Smartwatch,1200000,1,Credit Card,Paid,1200000,2026-01,Saturday
ORD-10494,2026-05-20 12:00:00,Electronics,Laptop,8500000,2,Midtrans - Bank Transfer,Paid,17000000,2026-05,Wednesday
ORD-10495,2026-04-28 00:00:00,Electronics,Laptop,8500000,3,E-Wallet,Paid,25500000,2026-04,Tuesday
ORD-10496,2026-01-29 03:00:00,Electronics,Laptop,8500000,2,Midtrans - Bank Transfer,Pending,17000000,2026-01,Thursday
ORD-10497,2026-05-25 09:00:00,Accessories,Headphone Bluetooth,450000,3,Midtrans - Bank Transfer,Paid,1350000,2026-05,Monday
ORD-10498,2026-04-15 08:00:00,Home & Living,Lampu Meja,150000,1,Credit Card,Paid,150000,2026-04,Wednesday
ORD-10499,2026-05-04 15:00:00,Gadgets,Smartwatch,1200000,2,Credit Card,Pending,2400000,2026-05,Monday
ORD-10500,2026-04-27 02:00:00,Home & Living,Lampu Meja,150000,1,Midtrans - QRIS,Paid,150000,2026-04,Monday
ORD-10501,2026-02-16 18:00:00,Gadgets,Smartwatch,1200000,3,Midtrans - Bank Transfer,Paid,3600000,2026-02,Monday
ORD-10502,2026-06-19 23:00:00,Fashion,Kemeja Casual,250000,1,Midtrans - Bank Transfer,Pending,250000,2026-06,Friday
ORD-10503,2026-03-07 11:00:00,Electronics,Laptop,8500000,3,Midtrans - QRIS,Paid,25500000,2026-03,Saturday
ORD-10504,2026-07-31 09:00:00,Accessories,Headphone Bluetooth,450000,1,Credit Card,Paid,450000,2026-07,Friday
ORD-10505,2026-08-01 16:00:00,Electronics,Laptop,8500000,3,Midtrans - Bank Transfer,Paid,25500000,2026-08,Saturday
ORD-10506,2026-03-31 07:00:00,Electronics,Laptop,8500000,2,Midtrans - Bank Transfer,Paid,17000000,2026-03,Tuesday
ORD-10507,2026-03-12 07:00:00,Home & Living,Lampu Meja,150000,3,E-Wallet,Failed,450000,2026-03,Thursday
ORD-10508,2026-06-22 04:00:00,Electronics,Laptop,8500000,1,Midtrans - QRIS,Failed,8500000,2026-06,Monday
ORD-10509,2026-06-10 11:00:00,Gadgets,Smartwatch,1200000,1,Credit Card,Paid,1200000,2026-06,Wednesday
ORD-10510,2026-05-24 08:00:00,Fashion,Kemeja Casual,250000,2,Credit Card,Paid,500000,2026-05,Sunday
ORD-10511,2026-06-06 22:00:00,Gadgets,Smartwatch,1200000,3,Midtrans - Bank Transfer,Paid,3600000,2026-06,Saturday
ORD-10512,2026-04-07 22:00:00,Accessories,Headphone Bluetooth,450000,1,E-Wallet,Paid,450000,2026-04,Tuesday
ORD-10513,2026-05-02 10:00:00,Electronics,Laptop,8500000,1,Midtrans - QRIS,Paid,8500000,2026-05,Saturday
ORD-10514,2026-07-27 00:00:00,Electronics,Laptop,8500000,1,Credit Card,Paid,8500000,2026-07,Monday
ORD-10515,2026-06-14 16:00:00,Fashion,Kemeja Casual,250000,1,E-Wallet,Pending,250000,2026-06,Sunday
ORD-10516,2026-01-25 19:00:00,Gadgets,Smartwatch,1200000,2,Credit Card,Paid,2400000,2026-01,Sunday
ORD-10517,2026-01-31 08:00:00,Gadgets,Smartwatch,1200000,1,E-Wallet,Paid,1200000,2026-01,Saturday
ORD-10518,2026-02-26 21:00:00,Electronics,Laptop,8500000,1,E-Wallet,Paid,8500000,2026-02,Thursday
ORD-10519,2026-07-07 04:00:00,Accessories,Headphone Bluetooth,450000,1,Midtrans - Bank Transfer,Paid,450000,2026-07,Tuesday
ORD-10520,2026-01-30 02:00:00,Fashion,Kemeja Casual,250000,1,E-Wallet,Paid,250000,2026-01,Friday
ORD-10521,2026-01-17 11:00:00,Fashion,Kemeja Casual,250000,2,Midtrans - Bank Transfer,Paid,500000,2026-01,Saturday
ORD-10522,2026-06-23 19:00:00,Fashion,Kemeja Casual,250000,2,Midtrans - Bank Transfer,Paid,500000,2026-06,Tuesday
ORD-10523,2026-07-01 16:00:00,Fashion,Kemeja Casual,250000,3,Midtrans - Bank Transfer,Paid,750000,2026-07,Wednesday
ORD-10524,2026-04-15 06:00:00,Electronics,Laptop,8500000,2,E-Wallet,Paid,17000000,2026-04,Wednesday
ORD-10525,2026-03-17 19:00:00,Home & Living,Lampu Meja,150000,1,E-Wallet,Paid,150000,2026-03,Tuesday
ORD-10526,2026-01-30 21:00:00,Fashion,Kemeja Casual,250000,2,Midtrans - Bank Transfer,Paid,500000,2026-01,Friday
ORD-10527,2026-04-26 22:00:00,Gadgets,Smartwatch,1200000,3,Midtrans - Bank Transfer,Paid,3600000,2026-04,Sunday
ORD-10528,2026-07-26 02:00:00,Fashion,Kemeja Casual,250000,3,Midtrans - QRIS,Paid,750000,2026-07,Sunday
ORD-10529,2026-05-30 01:00:00,Home & Living,Lampu Meja,150000,3,Midtrans - QRIS,Paid,450000,2026-05,Saturday
ORD-10530,2026-01-06 23:00:00,Accessories,Headphone Bluetooth,450000,2,Credit Card,Paid,900000,2026-01,Tuesday
ORD-10531,2026-07-27 12:00:00,Accessories,Headphone Bluetooth,450000,1,Midtrans - Bank Transfer,Paid,450000,2026-07,Monday
ORD-10532,2026-05-11 20:00:00,Gadgets,Smartwatch,1200000,1,Midtrans - QRIS,Paid,1200000,2026-05,Monday
ORD-10533,2026-07-07 03:00:00,Home & Living,Lampu Meja,150000,1,E-Wallet,Paid,150000,2026-07,Tuesday
ORD-10534,2026-05-03 10:00:00,Gadgets,Smartwatch,1200000,3,Credit Card,Paid,3600000,2026-05,Sunday
ORD-10535,2026-06-01 12:00:00,Home & Living,Lampu Meja,150000,1,Credit Card,Paid,150000,2026-06,Monday
ORD-10536,2026-05-15 06:00:00,Accessories,Headphone Bluetooth,450000,2,Credit Card,Paid,900000,2026-05,Friday
ORD-10537,2026-02-18 15:00:00,Home & Living,Lampu Meja,150000,1,Midtrans - Bank Transfer,Pending,150000,2026-02,Wednesday
ORD-10538,2026-04-20 00:00:00,Fashion,Kemeja Casual,250000,1,Credit Card,Paid,250000,2026-04,Monday
ORD-10539,2026-02-14 06:00:00,Gadgets,Smartwatch,1200000,2,E-Wallet,Failed,2400000,2026-02,Saturday
ORD-10540,2026-03-31 20:00:00,Electronics,Laptop,8500000,3,Midtrans - Bank Transfer,Paid,25500000,2026-03,Tuesday
ORD-10541,2026-08-04 01:00:00,Gadgets,Smartwatch,1200000,2,Credit Card,Failed,2400000,2026-08,Tuesday
ORD-10542,2026-05-05 06:00:00,Gadgets,Smartwatch,1200000,2,Midtrans - Bank Transfer,Paid,2400000,2026-05,Tuesday
ORD-10543,2026-05-18 06:00:00,Fashion,Kemeja Casual,250000,3,Midtrans - QRIS,Paid,750000,2026-05,Monday
ORD-10544,2026-07-17 01:00:00,Electronics,Laptop,8500000,2,Credit Card,Paid,17000000,2026-07,Friday
ORD-10545,2026-02-18 04:00:00,Home & Living,Lampu Meja,150000,1,Midtrans - Bank Transfer,Paid,150000,2026-02,Wednesday
ORD-10546,2026-01-31 12:00:00,Gadgets,Smartwatch,1200000,3,Credit Card,Paid,3600000,2026-01,Saturday
ORD-10547,2026-06-30 10:00:00,Home & Living,Lampu Meja,150000,1,Midtrans - Bank Transfer,Pending,150000,2026-06,Tuesday
ORD-10548,2026-07-21 22:00:00,Gadgets,Smartwatch,1200000,1,Credit Card,Paid,1200000,2026-07,Tuesday
ORD-10549,2026-02-09 17:00:00,Fashion,Kemeja Casual,250000,2,Midtrans - Bank Transfer,Pending,500000,2026-02,Monday
ORD-10550,2026-04-16 19:00:00,Gadgets,Smartwatch,1200000,1,Credit Card,Paid,1200000,2026-04,Thursday
ORD-10551,2026-05-19 12:00:00,Electronics,Laptop,8500000,2,Midtrans - QRIS,Paid,17000000,2026-05,Tuesday
ORD-10552,2026-05-18 13:00:00,Accessories,Headphone Bluetooth,450000,2,Midtrans - Bank Transfer,Failed,900000,2026-05,Monday
ORD-10553,2026-03-06 06:00:00,Fashion,Kemeja Casual,250000,2,Midtrans - QRIS,Paid,500000,2026-03,Friday
ORD-10554,2026-08-09 13:00:00,Home & Living,Lampu Meja,150000,2,Midtrans - QRIS,Paid,300000,2026-08,Sunday
ORD-10555,2026-02-19 15:00:00,Gadgets,Smartwatch,1200000,1,Credit Card,Paid,1200000,2026-02,Thursday
ORD-10556,2026-05-05 17:00:00,Electronics,Laptop,8500000,3,Midtrans - Bank Transfer,Paid,25500000,2026-05,Tuesday
ORD-10557,2026-04-22 17:00:00,Gadgets,Smartwatch,1200000,2,Midtrans - Bank Transfer,Paid,2400000,2026-04,Wednesday
ORD-10558,2026-02-20 17:00:00,Home & Living,Lampu Meja,150000,3,Midtrans - QRIS,Paid,450000,2026-02,Friday
ORD-10559,2026-03-06 04:00:00,Gadgets,Smartwatch,1200000,3,Midtrans - Bank Transfer,Paid,3600000,2026-03,Friday
ORD-10560,2026-05-15 20:00:00,Home & Living,Lampu Meja,150000,3,Credit Card,Paid,450000,2026-05,Friday
ORD-10561,2026-04-10 10:00:00,Fashion,Kemeja Casual,250000,2,Midtrans - QRIS,Paid,500000,2026-04,Friday
ORD-10562,2026-06-04 23:00:00,Home & Living,Lampu Meja,150000,1,Credit Card,Paid,150000,2026-06,Thursday
ORD-10563,2026-02-27 20:00:00,Electronics,Laptop,8500000,3,Credit Card,Paid,25500000,2026-02,Friday
ORD-10564,2026-03-19 08:00:00,Fashion,Kemeja Casual,250000,2,Credit Card,Paid,500000,2026-03,Thursday
ORD-10565,2026-02-26 21:00:00,Fashion,Kemeja Casual,250000,2,E-Wallet,Paid,500000,2026-02,Thursday
ORD-10566,2026-01-21 19:00:00,Electronics,Laptop,8500000,3,Credit Card,Paid,25500000,2026-01,Wednesday
ORD-10567,2026-03-12 00:00:00,Gadgets,Smartwatch,1200000,2,Midtrans - QRIS,Paid,2400000,2026-03,Thursday
ORD-10568,2026-01-22 06:00:00,Gadgets,Smartwatch,1200000,1,Midtrans - Bank Transfer,Paid,1200000,2026-01,Thursday
ORD-10569,2026-06-29 16:00:00,Accessories,Headphone Bluetooth,450000,2,Credit Card,Paid,900000,2026-06,Monday
ORD-10570,2026-02-25 04:00:00,Fashion,Kemeja Casual,250000,2,Credit Card,Paid,500000,2026-02,Wednesday
ORD-10571,2026-02-18 03:00:00,Home & Living,Lampu Meja,150000,2,Midtrans - Bank Transfer,Paid,300000,2026-02,Wednesday
ORD-10572,2026-03-18 03:00:00,Accessories,Headphone Bluetooth,450000,3,E-Wallet,Paid,1350000,2026-03,Wednesday
ORD-10573,2026-05-11 21:00:00,Fashion,Kemeja Casual,250000,1,Midtrans - QRIS,Paid,250000,2026-05,Monday
ORD-10574,2026-05-26 06:00:00,Home & Living,Lampu Meja,150000,2,Credit Card,Paid,300000,2026-05,Tuesday
ORD-10575,2026-03-17 10:00:00,Electronics,Laptop,8500000,1,Credit Card,Paid,8500000,2026-03,Tuesday
ORD-10576,2026-05-02 19:00:00,Gadgets,Smartwatch,1200000,1,Midtrans - QRIS,Pending,1200000,2026-05,Saturday
ORD-10577,2026-08-09 21:00:00,Electronics,Laptop,8500000,3,Credit Card,Paid,25500000,2026-08,Sunday
ORD-10578,2026-04-03 06:00:00,Electronics,Laptop,8500000,2,Midtrans - Bank Transfer,Paid,17000000,2026-04,Friday
ORD-10579,2026-06-24 10:00:00,Gadgets,Smartwatch,1200000,1,Credit Card,Paid,1200000,2026-06,Wednesday
ORD-10580,2026-01-30 17:00:00,Electronics,Laptop,8500000,2,Midtrans - Bank Transfer,Paid,17000000,2026-01,Friday
ORD-10581,2026-05-31 02:00:00,Accessories,Headphone Bluetooth,450000,3,Midtrans - QRIS,Paid,1350000,2026-05,Sunday
ORD-10582,2026-06-22 06:00:00,Electronics,Laptop,8500000,1,Midtrans - Bank Transfer,Paid,8500000,2026-06,Monday
ORD-10583,2026-05-27 18:00:00,Electronics,Laptop,8500000,2,Midtrans - QRIS,Paid,17000000,2026-05,Wednesday
ORD-10584,2026-06-27 20:00:00,Electronics,Laptop,8500000,1,E-Wallet,Paid,8500000,2026-06,Saturday
ORD-10585,2026-07-17 20:00:00,Home & Living,Lampu Meja,150000,3,Midtrans - Bank Transfer,Paid,450000,2026-07,Friday
ORD-10586,2026-07-22 01:00:00,Fashion,Kemeja Casual,250000,3,Credit Card,Paid,750000,2026-07,Wednesday
ORD-10587,2026-02-21 19:00:00,Fashion,Kemeja Casual,250000,1,Midtrans - Bank Transfer,Paid,250000,2026-02,Saturday
ORD-10588,2026-06-04 13:00:00,Fashion,Kemeja Casual,250000,3,Midtrans - QRIS,Paid,750000,2026-06,Thursday
ORD-10589,2026-02-15 01:00:00,Accessories,Headphone Bluetooth,450000,1,E-Wallet,Paid,450000,2026-02,Sunday
ORD-10590,2026-01-19 23:00:00,Gadgets,Smartwatch,1200000,2,Midtrans - Bank Transfer,Paid,2400000,2026-01,Monday
ORD-10591,2026-07-25 04:00:00,Fashion,Kemeja Casual,250000,3,Credit Card,Paid,750000,2026-07,Saturday
ORD-10592,2026-02-07 06:00:00,Home & Living,Lampu Meja,150000,3,E-Wallet,Paid,450000,2026-02,Saturday
ORD-10593,2026-02-27 16:00:00,Accessories,Headphone Bluetooth,450000,2,Midtrans - Bank Transfer,Paid,900000,2026-02,Friday
ORD-10594,2026-03-23 14:00:00,Fashion,Kemeja Casual,250000,3,Midtrans - QRIS,Paid,750000,2026-03,Monday
ORD-10595,2026-05-09 00:00:00,Accessories,Headphone Bluetooth,450000,3,Midtrans - Bank Transfer,Paid,1350000,2026-05,Saturday
ORD-10596,2026-03-25 04:00:00,Accessories,Headphone Bluetooth,450000,2,Midtrans - Bank Transfer,Paid,900000,2026-03,Wednesday
ORD-10597,2026-06-28 13:00:00,Electronics,Laptop,8500000,2,Midtrans - QRIS,Paid,17000000,2026-06,Sunday
ORD-10598,2026-01-22 00:00:00,Fashion,Kemeja Casual,250000,3,Credit Card,Paid,750000,2026-01,Thursday
ORD-10599,2026-02-20 14:00:00,Accessories,Headphone Bluetooth,450000,3,E-Wallet,Paid,1350000,2026-02,Friday
ORD-10600,2026-03-05 19:00:00,Gadgets,Smartwatch,1200000,2,Credit Card,Paid,2400000,2026-03,Thursday
ORD-10601,2026-05-24 08:00:00,Electronics,Laptop,8500000,1,Midtrans - Bank Transfer,Paid,8500000,2026-05,Sunday
ORD-10602,2026-02-04 07:00:00,Fashion,Kemeja Casual,250000,2,Midtrans - QRIS,Paid,500000,2026-02,Wednesday
ORD-10603,2026-02-08 16:00:00,Home & Living,Lampu Meja,150000,3,Midtrans - QRIS,Paid,450000,2026-02,Sunday
ORD-10604,2026-07-29 13:00:00,Home & Living,Lampu Meja,150000,3,Midtrans - QRIS,Paid,450000,2026-07,Wednesday
ORD-10605,2026-08-07 04:00:00,Accessories,Headphone Bluetooth,450000,2,Midtrans - Bank Transfer,Paid,900000,2026-08,Friday
ORD-10606,2026-01-06 13:00:00,Home & Living,Lampu Meja,150000,3,Credit Card,Paid,450000,2026-01,Tuesday
ORD-10607,2026-03-29 17:00:00,Home & Living,Lampu Meja,150000,2,Credit Card,Paid,300000,2026-03,Sunday
ORD-10608,2026-06-01 03:00:00,Electronics,Laptop,8500000,3,E-Wallet,Paid,25500000,2026-06,Monday
ORD-10609,2026-07-19 04:00:00,Electronics,Laptop,8500000,1,E-Wallet,Pending,8500000,2026-07,Sunday
ORD-10610,2026-03-19 04:00:00,Electronics,Laptop,8500000,3,Midtrans - Bank Transfer,Paid,25500000,2026-03,Thursday
ORD-10611,2026-07-24 14:00:00,Electronics,Laptop,8500000,1,Credit Card,Paid,8500000,2026-07,Friday
ORD-10612,2026-08-08 12:00:00,Gadgets,Smartwatch,1200000,1,Midtrans - Bank Transfer,Paid,1200000,2026-08,Saturday
ORD-10613,2026-06-23 23:00:00,Fashion,Kemeja Casual,250000,3,E-Wallet,Paid,750000,2026-06,Tuesday
ORD-10614,2026-05-03 05:00:00,Electronics,Laptop,8500000,3,Credit Card,Paid,25500000,2026-05,Sunday
ORD-10615,2026-05-17 20:00:00,Accessories,Headphone Bluetooth,450000,2,Midtrans - Bank Transfer,Paid,900000,2026-05,Sunday
ORD-10616,2026-06-29 02:00:00,Home & Living,Lampu Meja,150000,1,Midtrans - Bank Transfer,Paid,150000,2026-06,Monday
ORD-10617,2026-04-28 03:00:00,Gadgets,Smartwatch,1200000,1,Credit Card,Paid,1200000,2026-04,Tuesday
ORD-10618,2026-02-22 02:00:00,Electronics,Laptop,8500000,3,Midtrans - Bank Transfer,Pending,25500000,2026-02,Sunday
ORD-10619,2026-05-27 08:00:00,Electronics,Laptop,8500000,1,Credit Card,Paid,8500000,2026-05,Wednesday
ORD-10620,2026-02-22 08:00:00,Gadgets,Smartwatch,1200000,2,Midtrans - Bank Transfer,Paid,2400000,2026-02,Sunday
ORD-10621,2026-05-21 16:00:00,Gadgets,Smartwatch,1200000,3,E-Wallet,Paid,3600000,2026-05,Thursday
ORD-10622,2026-08-08 06:00:00,Electronics,Laptop,8500000,2,Midtrans - QRIS,Paid,17000000,2026-08,Saturday
ORD-10623,2026-05-26 06:00:00,Gadgets,Smartwatch,1200000,3,Midtrans - Bank Transfer,Paid,3600000,2026-05,Tuesday
ORD-10624,2026-05-30 08:00:00,Electronics,Laptop,8500000,1,Midtrans - Bank Transfer,Paid,8500000,2026-05,Saturday
ORD-10625,2026-02-28 04:00:00,Accessories,Headphone Bluetooth,450000,1,Midtrans - Bank Transfer,Paid,450000,2026-02,Saturday
ORD-10626,2026-06-01 13:00:00,Accessories,Headphone Bluetooth,450000,2,Credit Card,Failed,900000,2026-06,Monday
ORD-10627,2026-05-19 18:00:00,Home & Living,Lampu Meja,150000,3,Midtrans - QRIS,Paid,450000,2026-05,Tuesday
ORD-10628,2026-04-23 15:00:00,Gadgets,Smartwatch,1200000,3,Midtrans - QRIS,Paid,3600000,2026-04,Thursday
ORD-10629,2026-01-20 14:00:00,Home & Living,Lampu Meja,150000,1,Midtrans - Bank Transfer,Paid,150000,2026-01,Tuesday
ORD-10630,2026-08-02 19:00:00,Home & Living,Lampu Meja,150000,2,E-Wallet,Failed,300000,2026-08,Sunday
ORD-10631,2026-02-26 09:00:00,Home & Living,Lampu Meja,150000,2,E-Wallet,Paid,300000,2026-02,Thursday
ORD-10632,2026-04-26 23:00:00,Gadgets,Smartwatch,1200000,1,Midtrans - Bank Transfer,Paid,1200000,2026-04,Sunday
ORD-10633,2026-04-28 23:00:00,Accessories,Headphone Bluetooth,450000,3,Midtrans - Bank Transfer,Paid,1350000,2026-04,Tuesday
ORD-10634,2026-07-30 23:00:00,Electronics,Laptop,8500000,2,Midtrans - Bank Transfer,Paid,17000000,2026-07,Thursday
ORD-10635,2026-01-15 21:00:00,Gadgets,Smartwatch,1200000,2,Midtrans - Bank Transfer,Paid,2400000,2026-01,Thursday
ORD-10636,2026-05-06 19:00:00,Home & Living,Lampu Meja,150000,1,Midtrans - QRIS,Paid,150000,2026-05,Wednesday
ORD-10637,2026-01-28 19:00:00,Electronics,Laptop,8500000,3,Midtrans - QRIS,Paid,25500000,2026-01,Wednesday
ORD-10638,2026-07-06 04:00:00,Fashion,Kemeja Casual,250000,2,Credit Card,Paid,500000,2026-07,Monday
ORD-10639,2026-08-02 15:00:00,Electronics,Laptop,8500000,1,E-Wallet,Paid,8500000,2026-08,Sunday
ORD-10640,2026-02-17 17:00:00,Home & Living,Lampu Meja,150000,2,Midtrans - Bank Transfer,Paid,300000,2026-02,Tuesday
ORD-10641,2026-06-24 09:00:00,Accessories,Headphone Bluetooth,450000,2,Credit Card,Paid,900000,2026-06,Wednesday
ORD-10642,2026-06-04 23:00:00,Electronics,Laptop,8500000,2,Midtrans - QRIS,Paid,17000000,2026-06,Thursday
ORD-10643,2026-04-25 09:00:00,Electronics,Laptop,8500000,2,Midtrans - QRIS,Paid,17000000,2026-04,Saturday
ORD-10644,2026-01-23 11:00:00,Gadgets,Smartwatch,1200000,2,Midtrans - Bank Transfer,Paid,2400000,2026-01,Friday
ORD-10645,2026-04-26 19:00:00,Fashion,Kemeja Casual,250000,1,Midtrans - Bank Transfer,Paid,250000,2026-04,Sunday
ORD-10646,2026-07-26 20:00:00,Gadgets,Smartwatch,1200000,3,Credit Card,Paid,3600000,2026-07,Sunday
ORD-10647,2026-06-22 08:00:00,Fashion,Kemeja Casual,250000,1,Credit Card,Paid,250000,2026-06,Monday
ORD-10648,2026-07-21 11:00:00,Gadgets,Smartwatch,1200000,2,Midtrans - QRIS,Failed,2400000,2026-07,Tuesday
ORD-10649,2026-06-07 07:00:00,Home & Living,Lampu Meja,150000,3,Credit Card,Paid,450000,2026-06,Sunday
ORD-10650,2026-07-29 08:00:00,Gadgets,Smartwatch,1200000,3,Midtrans - Bank Transfer,Paid,3600000,2026-07,Wednesday
ORD-10651,2026-04-15 12:00:00,Gadgets,Smartwatch,1200000,3,E-Wallet,Paid,3600000,2026-04,Wednesday
ORD-10652,2026-04-26 19:00:00,Fashion,Kemeja Casual,250000,2,Midtrans - Bank Transfer,Paid,500000,2026-04,Sunday
ORD-10653,2026-02-08 12:00:00,Home & Living,Lampu Meja,150000,2,Credit Card,Paid,300000,2026-02,Sunday
ORD-10654,2026-05-04 04:00:00,Electronics,Laptop,8500000,1,E-Wallet,Paid,8500000,2026-05,Monday
ORD-10655,2026-03-07 21:00:00,Electronics,Laptop,8500000,3,E-Wallet,Paid,25500000,2026-03,Saturday
ORD-10656,2026-05-19 12:00:00,Fashion,Kemeja Casual,250000,1,E-Wallet,Pending,250000,2026-05,Tuesday
ORD-10657,2026-07-06 21:00:00,Fashion,Kemeja Casual,250000,1,Midtrans - QRIS,Paid,250000,2026-07,Monday
ORD-10658,2026-01-11 15:00:00,Home & Living,Lampu Meja,150000,2,Credit Card,Paid,300000,2026-01,Sunday
ORD-10659,2026-07-20 04:00:00,Home & Living,Lampu Meja,150000,2,E-Wallet,Paid,300000,2026-07,Monday
ORD-10660,2026-03-18 14:00:00,Electronics,Laptop,8500000,1,E-Wallet,Paid,8500000,2026-03,Wednesday
ORD-10661,2026-03-23 00:00:00,Accessories,Headphone Bluetooth,450000,3,Midtrans - Bank Transfer,Paid,1350000,2026-03,Monday
ORD-10662,2026-01-01 09:00:00,Home & Living,Lampu Meja,150000,1,Midtrans - QRIS,Paid,150000,2026-01,Thursday
ORD-10663,2026-04-30 15:00:00,Accessories,Headphone Bluetooth,450000,2,Midtrans - QRIS,Paid,900000,2026-04,Thursday
ORD-10664,2026-02-03 05:00:00,Electronics,Laptop,8500000,2,Midtrans - QRIS,Paid,17000000,2026-02,Tuesday
ORD-10665,2026-07-27 04:00:00,Fashion,Kemeja Casual,250000,3,E-Wallet,Paid,750000,2026-07,Monday
ORD-10666,2026-08-02 12:00:00,Electronics,Laptop,8500000,3,Credit Card,Paid,25500000,2026-08,Sunday
ORD-10667,2026-02-12 07:00:00,Home & Living,Lampu Meja,150000,1,Credit Card,Paid,150000,2026-02,Thursday
ORD-10668,2026-03-18 00:00:00,Gadgets,Smartwatch,1200000,1,Credit Card,Paid,1200000,2026-03,Wednesday
ORD-10669,2026-07-06 05:00:00,Fashion,Kemeja Casual,250000,2,E-Wallet,Paid,500000,2026-07,Monday
ORD-10670,2026-05-11 16:00:00,Electronics,Laptop,8500000,1,Credit Card,Paid,8500000,2026-05,Monday
ORD-10671,2026-04-02 09:00:00,Gadgets,Smartwatch,1200000,3,E-Wallet,Paid,3600000,2026-04,Thursday
ORD-10672,2026-01-10 07:00:00,Electronics,Laptop,8500000,2,Midtrans - Bank Transfer,Paid,17000000,2026-01,Saturday
ORD-10673,2026-07-26 04:00:00,Fashion,Kemeja Casual,250000,3,Midtrans - Bank Transfer,Paid,750000,2026-07,Sunday
ORD-10674,2026-06-23 06:00:00,Fashion,Kemeja Casual,250000,1,Credit Card,Paid,250000,2026-06,Tuesday
ORD-10675,2026-06-13 13:00:00,Fashion,Kemeja Casual,250000,2,Midtrans - QRIS,Paid,500000,2026-06,Saturday
ORD-10676,2026-07-19 08:00:00,Gadgets,Smartwatch,1200000,3,Credit Card,Paid,3600000,2026-07,Sunday
ORD-10677,2026-06-16 16:00:00,Home & Living,Lampu Meja,150000,2,Midtrans - QRIS,Paid,300000,2026-06,Tuesday
ORD-10678,2026-03-10 01:00:00,Home & Living,Lampu Meja,150000,2,E-Wallet,Paid,300000,2026-03,Tuesday
ORD-10679,2026-03-31 16:00:00,Fashion,Kemeja Casual,250000,1,Midtrans - Bank Transfer,Paid,250000,2026-03,Tuesday
ORD-10680,2026-01-22 06:00:00,Home & Living,Lampu Meja,150000,1,Credit Card,Paid,150000,2026-01,Thursday
ORD-10681,2026-01-17 00:00:00,Gadgets,Smartwatch,1200000,1,Midtrans - QRIS,Paid,1200000,2026-01,Saturday
ORD-10682,2026-01-17 20:00:00,Fashion,Kemeja Casual,250000,3,Midtrans - Bank Transfer,Paid,750000,2026-01,Saturday
ORD-10683,2026-07-12 05:00:00,Fashion,Kemeja Casual,250000,3,Credit Card,Paid,750000,2026-07,Sunday
ORD-10684,2026-07-10 11:00:00,Fashion,Kemeja Casual,250000,2,E-Wallet,Paid,500000,2026-07,Friday
ORD-10685,2026-03-25 08:00:00,Gadgets,Smartwatch,1200000,2,Midtrans - QRIS,Paid,2400000,2026-03,Wednesday
ORD-10686,2026-04-25 20:00:00,Home & Living,Lampu Meja,150000,2,Midtrans - Bank Transfer,Paid,300000,2026-04,Saturday
ORD-10687,2026-03-11 12:00:00,Accessories,Headphone Bluetooth,450000,3,Midtrans - QRIS,Paid,1350000,2026-03,Wednesday
ORD-10688,2026-03-02 20:00:00,Gadgets,Smartwatch,1200000,3,Midtrans - Bank Transfer,Paid,3600000,2026-03,Monday
ORD-10689,2026-06-01 12:00:00,Fashion,Kemeja Casual,250000,1,Midtrans - Bank Transfer,Pending,250000,2026-06,Monday
ORD-10690,2026-04-24 12:00:00,Accessories,Headphone Bluetooth,450000,1,Midtrans - Bank Transfer,Paid,450000,2026-04,Friday
ORD-10691,2026-07-20 09:00:00,Gadgets,Smartwatch,1200000,1,Midtrans - QRIS,Paid,1200000,2026-07,Monday
ORD-10692,2026-06-24 02:00:00,Accessories,Headphone Bluetooth,450000,3,E-Wallet,Paid,1350000,2026-06,Wednesday
ORD-10693,2026-08-08 08:00:00,Gadgets,Smartwatch,1200000,1,Midtrans - Bank Transfer,Paid,1200000,2026-08,Saturday
ORD-10694,2026-03-27 08:00:00,Gadgets,Smartwatch,1200000,3,E-Wallet,Paid,3600000,2026-03,Friday
ORD-10695,2026-06-22 18:00:00,Electronics,Laptop,8500000,1,Midtrans - Bank Transfer,Paid,8500000,2026-06,Monday
ORD-10696,2026-07-19 04:00:00,Gadgets,Smartwatch,1200000,1,Midtrans - Bank Transfer,Paid,1200000,2026-07,Sunday
ORD-10697,2026-01-30 20:00:00,Accessories,Headphone Bluetooth,450000,2,Midtrans - QRIS,Paid,900000,2026-01,Friday
ORD-10698,2026-07-09 08:00:00,Fashion,Kemeja Casual,250000,3,E-Wallet,Paid,750000,2026-07,Thursday
ORD-10699,2026-07-27 08:00:00,Accessories,Headphone Bluetooth,450000,1,Midtrans - Bank Transfer,Paid,450000,2026-07,Monday
ORD-10700,2026-07-10 23:00:00,Accessories,Headphone Bluetooth,450000,3,Credit Card,Paid,1350000,2026-07,Friday
ORD-10701,2026-03-17 23:00:00,Accessories,Headphone Bluetooth,450000,2,Credit Card,Paid,900000,2026-03,Tuesday
ORD-10702,2026-03-28 17:00:00,Home & Living,Lampu Meja,150000,2,Midtrans - Bank Transfer,Paid,300000,2026-03,Saturday
ORD-10703,2026-05-23 11:00:00,Electronics,Laptop,8500000,1,Credit Card,Paid,8500000,2026-05,Saturday
ORD-10704,2026-03-07 14:00:00,Accessories,Headphone Bluetooth,450000,2,E-Wallet,Paid,900000,2026-03,Saturday
ORD-10705,2026-01-11 09:00:00,Accessories,Headphone Bluetooth,450000,1,Credit Card,Paid,450000,2026-01,Sunday
ORD-10706,2026-01-29 01:00:00,Fashion,Kemeja Casual,250000,1,Midtrans - QRIS,Paid,250000,2026-01,Thursday
ORD-10707,2026-07-08 21:00:00,Electronics,Laptop,8500000,2,Midtrans - Bank Transfer,Paid,17000000,2026-07,Wednesday
ORD-10708,2026-04-01 05:00:00,Fashion,Kemeja Casual,250000,3,Midtrans - QRIS,Paid,750000,2026-04,Wednesday
ORD-10709,2026-02-02 02:00:00,Gadgets,Smartwatch,1200000,3,E-Wallet,Paid,3600000,2026-02,Monday
ORD-10710,2026-06-15 02:00:00,Fashion,Kemeja Casual,250000,3,Midtrans - QRIS,Paid,750000,2026-06,Monday
ORD-10711,2026-07-01 19:00:00,Home & Living,Lampu Meja,150000,2,Credit Card,Paid,300000,2026-07,Wednesday
ORD-10712,2026-03-24 16:00:00,Home & Living,Lampu Meja,150000,1,Midtrans - Bank Transfer,Paid,150000,2026-03,Tuesday
ORD-10713,2026-02-14 21:00:00,Electronics,Laptop,8500000,3,Credit Card,Paid,25500000,2026-02,Saturday
ORD-10714,2026-01-10 19:00:00,Fashion,Kemeja Casual,250000,1,Midtrans - Bank Transfer,Paid,250000,2026-01,Saturday
ORD-10715,2026-01-17 04:00:00,Home & Living,Lampu Meja,150000,1,Midtrans - QRIS,Paid,150000,2026-01,Saturday
ORD-10716,2026-05-07 13:00:00,Accessories,Headphone Bluetooth,450000,3,Midtrans - Bank Transfer,Paid,1350000,2026-05,Thursday
ORD-10717,2026-07-22 10:00:00,Accessories,Headphone Bluetooth,450000,1,Midtrans - Bank Transfer,Paid,450000,2026-07,Wednesday
ORD-10718,2026-03-19 00:00:00,Fashion,Kemeja Casual,250000,1,Credit Card,Paid,250000,2026-03,Thursday
ORD-10719,2026-07-16 15:00:00,Fashion,Kemeja Casual,250000,1,Credit Card,Paid,250000,2026-07,Thursday
ORD-10720,2026-04-28 06:00:00,Electronics,Laptop,8500000,3,Midtrans - Bank Transfer,Paid,25500000,2026-04,Tuesday
ORD-10721,2026-05-21 14:00:00,Electronics,Laptop,8500000,3,Midtrans - Bank Transfer,Paid,25500000,2026-05,Thursday
ORD-10722,2026-05-17 14:00:00,Home & Living,Lampu Meja,150000,3,Midtrans - Bank Transfer,Paid,450000,2026-05,Sunday
ORD-10723,2026-02-22 04:00:00,Fashion,Kemeja Casual,250000,1,Midtrans - QRIS,Paid,250000,2026-02,Sunday
ORD-10724,2026-06-15 21:00:00,Electronics,Laptop,8500000,1,Midtrans - Bank Transfer,Paid,8500000,2026-06,Monday
ORD-10725,2026-07-14 17:00:00,Electronics,Laptop,8500000,3,E-Wallet,Paid,25500000,2026-07,Tuesday
ORD-10726,2026-03-30 10:00:00,Electronics,Laptop,8500000,3,Midtrans - QRIS,Paid,25500000,2026-03,Monday
ORD-10727,2026-07-08 18:00:00,Home & Living,Lampu Meja,150000,2,Midtrans - Bank Transfer,Paid,300000,2026-07,Wednesday
ORD-10728,2026-03-31 14:00:00,Home & Living,Lampu Meja,150000,3,Midtrans - Bank Transfer,Paid,450000,2026-03,Tuesday
ORD-10729,2026-07-22 11:00:00,Electronics,Laptop,8500000,2,Credit Card,Paid,17000000,2026-07,Wednesday
ORD-10730,2026-02-25 09:00:00,Fashion,Kemeja Casual,250000,2,Midtrans - QRIS,Paid,500000,2026-02,Wednesday
ORD-10731,2026-02-26 14:00:00,Electronics,Laptop,8500000,3,E-Wallet,Paid,25500000,2026-02,Thursday
ORD-10732,2026-04-14 10:00:00,Electronics,Laptop,8500000,1,Midtrans - QRIS,Paid,8500000,2026-04,Tuesday
ORD-10733,2026-07-09 06:00:00,Accessories,Headphone Bluetooth,450000,2,Credit Card,Paid,900000,2026-07,Thursday
ORD-10734,2026-03-26 01:00:00,Accessories,Headphone Bluetooth,450000,3,Midtrans - QRIS,Paid,1350000,2026-03,Thursday
ORD-10735,2026-02-25 11:00:00,Home & Living,Lampu Meja,150000,3,Midtrans - QRIS,Paid,450000,2026-02,Wednesday
ORD-10736,2026-07-01 00:00:00,Home & Living,Lampu Meja,150000,3,Midtrans - QRIS,Paid,450000,2026-07,Wednesday
ORD-10737,2026-06-27 13:00:00,Gadgets,Smartwatch,1200000,3,Midtrans - QRIS,Paid,3600000,2026-06,Saturday
ORD-10738,2026-02-26 14:00:00,Home & Living,Lampu Meja,150000,2,Credit Card,Paid,300000,2026-02,Thursday
ORD-10739,2026-08-02 03:00:00,Electronics,Laptop,8500000,1,E-Wallet,Paid,8500000,2026-08,Sunday
ORD-10740,2026-07-13 05:00:00,Fashion,Kemeja Casual,250000,1,E-Wallet,Paid,250000,2026-07,Monday
ORD-10741,2026-07-22 06:00:00,Electronics,Laptop,8500000,1,Midtrans - QRIS,Paid,8500000,2026-07,Wednesday
ORD-10742,2026-05-13 09:00:00,Accessories,Headphone Bluetooth,450000,2,Credit Card,Paid,900000,2026-05,Wednesday
ORD-10743,2026-03-30 16:00:00,Gadgets,Smartwatch,1200000,1,Credit Card,Paid,1200000,2026-03,Monday
ORD-10744,2026-04-01 20:00:00,Gadgets,Smartwatch,1200000,1,Credit Card,Paid,1200000,2026-04,Wednesday
ORD-10745,2026-07-23 20:00:00,Electronics,Laptop,8500000,3,E-Wallet,Paid,25500000,2026-07,Thursday
ORD-10746,2026-01-06 17:00:00,Fashion,Kemeja Casual,250000,1,E-Wallet,Paid,250000,2026-01,Tuesday
ORD-10747,2026-05-25 16:00:00,Home & Living,Lampu Meja,150000,1,E-Wallet,Paid,150000,2026-05,Monday
ORD-10748,2026-04-29 00:00:00,Fashion,Kemeja Casual,250000,1,Midtrans - Bank Transfer,Paid,250000,2026-04,Wednesday
ORD-10749,2026-05-30 03:00:00,Fashion,Kemeja Casual,250000,2,Midtrans - Bank Transfer,Paid,500000,2026-05,Saturday
ORD-10750,2026-05-07 07:00:00,Home & Living,Lampu Meja,150000,1,E-Wallet,Paid,150000,2026-05,Thursday
ORD-10751,2026-06-23 12:00:00,Fashion,Kemeja Casual,250000,2,Midtrans - QRIS,Pending,500000,2026-06,Tuesday
ORD-10752,2026-04-19 01:00:00,Gadgets,Smartwatch,1200000,3,Credit Card,Paid,3600000,2026-04,Sunday
ORD-10753,2026-06-29 04:00:00,Fashion,Kemeja Casual,250000,2,Midtrans - QRIS,Paid,500000,2026-06,Monday
ORD-10754,2026-06-09 02:00:00,Fashion,Kemeja Casual,250000,3,Midtrans - QRIS,Failed,750000,2026-06,Tuesday
ORD-10755,2026-06-22 10:00:00,Electronics,Laptop,8500000,2,Midtrans - QRIS,Paid,17000000,2026-06,Monday
ORD-10756,2026-06-09 07:00:00,Home & Living,Lampu Meja,150000,2,Credit Card,Paid,300000,2026-06,Tuesday
ORD-10757,2026-06-18 10:00:00,Electronics,Laptop,8500000,2,Midtrans - Bank Transfer,Paid,17000000,2026-06,Thursday
ORD-10758,2026-03-21 10:00:00,Accessories,Headphone Bluetooth,450000,2,Midtrans - QRIS,Paid,900000,2026-03,Saturday
ORD-10759,2026-02-01 16:00:00,Gadgets,Smartwatch,1200000,3,Midtrans - QRIS,Paid,3600000,2026-02,Sunday
ORD-10760,2026-05-24 13:00:00,Accessories,Headphone Bluetooth,450000,3,Credit Card,Paid,1350000,2026-05,Sunday
ORD-10761,2026-02-07 11:00:00,Gadgets,Smartwatch,1200000,2,Midtrans - Bank Transfer,Paid,2400000,2026-02,Saturday
ORD-10762,2026-07-05 15:00:00,Electronics,Laptop,8500000,1,Midtrans - Bank Transfer,Paid,8500000,2026-07,Sunday
ORD-10763,2026-05-03 19:00:00,Accessories,Headphone Bluetooth,450000,1,E-Wallet,Paid,450000,2026-05,Sunday
ORD-10764,2026-03-13 15:00:00,Accessories,Headphone Bluetooth,450000,2,Midtrans - QRIS,Paid,900000,2026-03,Friday
ORD-10765,2026-01-12 16:00:00,Electronics,Laptop,8500000,2,Credit Card,Paid,17000000,2026-01,Monday
ORD-10766,2026-05-17 02:00:00,Accessories,Headphone Bluetooth,450000,3,E-Wallet,Paid,1350000,2026-05,Sunday
ORD-10767,2026-03-20 15:00:00,Fashion,Kemeja Casual,250000,2,E-Wallet,Paid,500000,2026-03,Friday
ORD-10768,2026-05-17 02:00:00,Accessories,Headphone Bluetooth,450000,2,E-Wallet,Paid,900000,2026-05,Sunday
ORD-10769,2026-01-28 18:00:00,Gadgets,Smartwatch,1200000,3,Midtrans - Bank Transfer,Paid,3600000,2026-01,Wednesday
ORD-10770,2026-06-24 12:00:00,Accessories,Headphone Bluetooth,450000,2,Credit Card,Failed,900000,2026-06,Wednesday
ORD-10771,2026-01-28 23:00:00,Home & Living,Lampu Meja,150000,3,Credit Card,Paid,450000,2026-01,Wednesday
ORD-10772,2026-03-24 01:00:00,Accessories,Headphone Bluetooth,450000,1,Credit Card,Paid,450000,2026-03,Tuesday
ORD-10773,2026-06-23 04:00:00,Home & Living,Lampu Meja,150000,1,Credit Card,Paid,150000,2026-06,Tuesday
ORD-10774,2026-05-11 02:00:00,Gadgets,Smartwatch,1200000,1,Credit Card,Paid,1200000,2026-05,Monday
ORD-10775,2026-08-02 12:00:00,Fashion,Kemeja Casual,250000,1,E-Wallet,Paid,250000,2026-08,Sunday
ORD-10776,2026-07-15 19:00:00,Home & Living,Lampu Meja,150000,2,Credit Card,Pending,300000,2026-07,Wednesday
ORD-10777,2026-07-19 01:00:00,Accessories,Headphone Bluetooth,450000,1,Midtrans - Bank Transfer,Paid,450000,2026-07,Sunday
ORD-10778,2026-06-12 12:00:00,Electronics,Laptop,8500000,1,Midtrans - Bank Transfer,Paid,8500000,2026-06,Friday
ORD-10779,2026-01-22 19:00:00,Home & Living,Lampu Meja,150000,2,Midtrans - QRIS,Paid,300000,2026-01,Thursday
ORD-10780,2026-04-10 17:00:00,Electronics,Laptop,8500000,3,Credit Card,Pending,25500000,2026-04,Friday
ORD-10781,2026-05-10 21:00:00,Fashion,Kemeja Casual,250000,3,E-Wallet,Paid,750000,2026-05,Sunday
ORD-10782,2026-04-19 01:00:00,Home & Living,Lampu Meja,150000,1,Credit Card,Paid,150000,2026-04,Sunday
ORD-10783,2026-03-24 00:00:00,Fashion,Kemeja Casual,250000,2,Midtrans - Bank Transfer,Paid,500000,2026-03,Tuesday
ORD-10784,2026-08-05 13:00:00,Electronics,Laptop,8500000,2,Credit Card,Pending,17000000,2026-08,Wednesday
ORD-10785,2026-03-15 01:00:00,Accessories,Headphone Bluetooth,450000,2,Credit Card,Paid,900000,2026-03,Sunday
ORD-10786,2026-04-06 16:00:00,Fashion,Kemeja Casual,250000,3,Credit Card,Paid,750000,2026-04,Monday
ORD-10787,2026-08-07 08:00:00,Accessories,Headphone Bluetooth,450000,3,Midtrans - Bank Transfer,Paid,1350000,2026-08,Friday
ORD-10788,2026-04-05 05:00:00,Electronics,Laptop,8500000,1,Midtrans - QRIS,Paid,8500000,2026-04,Sunday
ORD-10789,2026-04-06 06:00:00,Home & Living,Lampu Meja,150000,1,E-Wallet,Paid,150000,2026-04,Monday
ORD-10790,2026-08-04 15:00:00,Electronics,Laptop,8500000,3,E-Wallet,Paid,25500000,2026-08,Tuesday
ORD-10791,2026-06-25 02:00:00,Fashion,Kemeja Casual,250000,3,Midtrans - Bank Transfer,Paid,750000,2026-06,Thursday
ORD-10792,2026-04-30 22:00:00,Fashion,Kemeja Casual,250000,2,E-Wallet,Paid,500000,2026-04,Thursday
ORD-10793,2026-06-22 15:00:00,Home & Living,Lampu Meja,150000,3,Credit Card,Paid,450000,2026-06,Monday
ORD-10794,2026-06-01 20:00:00,Gadgets,Smartwatch,1200000,2,Midtrans - QRIS,Paid,2400000,2026-06,Monday
ORD-10795,2026-07-04 16:00:00,Fashion,Kemeja Casual,250000,2,Midtrans - Bank Transfer,Paid,500000,2026-07,Saturday
ORD-10796,2026-08-03 09:00:00,Accessories,Headphone Bluetooth,450000,1,Midtrans - QRIS,Paid,450000,2026-08,Monday
ORD-10797,2026-03-27 15:00:00,Fashion,Kemeja Casual,250000,3,E-Wallet,Paid,750000,2026-03,Friday
ORD-10798,2026-07-16 16:00:00,Home & Living,Lampu Meja,150000,2,E-Wallet,Paid,300000,2026-07,Thursday
ORD-10799,2026-02-23 04:00:00,Fashion,Kemeja Casual,250000,2,Midtrans - Bank Transfer,Paid,500000,2026-02,Monday
ORD-10800,2026-04-26 06:00:00,Gadgets,Smartwatch,1200000,3,E-Wallet,Paid,3600000,2026-04,Sunday
ORD-10801,2026-01-13 14:00:00,Home & Living,Lampu Meja,150000,3,E-Wallet,Paid,450000,2026-01,Tuesday
ORD-10802,2026-01-27 14:00:00,Home & Living,Lampu Meja,150000,1,Credit Card,Paid,150000,2026-01,Tuesday
ORD-10803,2026-01-03 07:00:00,Electronics,Laptop,8500000,3,Credit Card,Paid,25500000,2026-01,Saturday
ORD-10804,2026-07-20 21:00:00,Fashion,Kemeja Casual,250000,1,Credit Card,Paid,250000,2026-07,Monday
ORD-10805,2026-01-22 21:00:00,Electronics,Laptop,8500000,3,Credit Card,Paid,25500000,2026-01,Thursday
ORD-10806,2026-07-10 09:00:00,Gadgets,Smartwatch,1200000,3,Midtrans - Bank Transfer,Failed,3600000,2026-07,Friday
ORD-10807,2026-06-21 19:00:00,Electronics,Laptop,8500000,1,E-Wallet,Paid,8500000,2026-06,Sunday
ORD-10808,2026-03-30 13:00:00,Accessories,Headphone Bluetooth,450000,3,Midtrans - QRIS,Paid,1350000,2026-03,Monday
ORD-10809,2026-05-17 23:00:00,Fashion,Kemeja Casual,250000,3,E-Wallet,Paid,750000,2026-05,Sunday
ORD-10810,2026-01-16 04:00:00,Home & Living,Lampu Meja,150000,2,Midtrans - QRIS,Pending,300000,2026-01,Friday
ORD-10811,2026-07-12 13:00:00,Gadgets,Smartwatch,1200000,3,Midtrans - Bank Transfer,Paid,3600000,2026-07,Sunday
ORD-10812,2026-07-27 10:00:00,Accessories,Headphone Bluetooth,450000,2,Midtrans - Bank Transfer,Failed,900000,2026-07,Monday
ORD-10813,2026-08-02 14:00:00,Gadgets,Smartwatch,1200000,3,E-Wallet,Paid,3600000,2026-08,Sunday
ORD-10814,2026-08-02 10:00:00,Accessories,Headphone Bluetooth,450000,2,E-Wallet,Paid,900000,2026-08,Sunday
ORD-10815,2026-03-10 14:00:00,Gadgets,Smartwatch,1200000,1,E-Wallet,Paid,1200000,2026-03,Tuesday
ORD-10816,2026-02-08 06:00:00,Gadgets,Smartwatch,1200000,1,Midtrans - QRIS,Paid,1200000,2026-02,Sunday
ORD-10817,2026-04-27 13:00:00,Fashion,Kemeja Casual,250000,2,Credit Card,Failed,500000,2026-04,Monday
ORD-10818,2026-03-05 19:00:00,Fashion,Kemeja Casual,250000,3,Credit Card,Paid,750000,2026-03,Thursday
ORD-10819,2026-05-20 09:00:00,Accessories,Headphone Bluetooth,450000,2,Midtrans - QRIS,Paid,900000,2026-05,Wednesday
ORD-10820,2026-03-21 10:00:00,Home & Living,Lampu Meja,150000,2,Credit Card,Paid,300000,2026-03,Saturday
ORD-10821,2026-05-09 14:00:00,Fashion,Kemeja Casual,250000,1,Credit Card,Paid,250000,2026-05,Saturday
ORD-10822,2026-07-10 20:00:00,Fashion,Kemeja Casual,250000,1,Midtrans - QRIS,Paid,250000,2026-07,Friday
ORD-10823,2026-03-28 11:00:00,Fashion,Kemeja Casual,250000,3,E-Wallet,Paid,750000,2026-03,Saturday
ORD-10824,2026-01-30 17:00:00,Fashion,Kemeja Casual,250000,3,Credit Card,Paid,750000,2026-01,Friday
ORD-10825,2026-02-14 06:00:00,Accessories,Headphone Bluetooth,450000,1,E-Wallet,Paid,450000,2026-02,Saturday
ORD-10826,2026-03-24 08:00:00,Gadgets,Smartwatch,1200000,2,Credit Card,Paid,2400000,2026-03,Tuesday
ORD-10827,2026-02-24 00:00:00,Accessories,Headphone Bluetooth,450000,1,Credit Card,Paid,450000,2026-02,Tuesday
ORD-10828,2026-01-06 05:00:00,Home & Living,Lampu Meja,150000,3,Midtrans - Bank Transfer,Paid,450000,2026-01,Tuesday
ORD-10829,2026-07-13 00:00:00,Fashion,Kemeja Casual,250000,3,Credit Card,Paid,750000,2026-07,Monday
ORD-10830,2026-05-30 20:00:00,Electronics,Laptop,8500000,2,E-Wallet,Paid,17000000,2026-05,Saturday
ORD-10831,2026-05-17 19:00:00,Electronics,Laptop,8500000,1,Midtrans - Bank Transfer,Paid,8500000,2026-05,Sunday
ORD-10832,2026-03-08 19:00:00,Accessories,Headphone Bluetooth,450000,1,E-Wallet,Paid,450000,2026-03,Sunday
ORD-10833,2026-01-03 18:00:00,Gadgets,Smartwatch,1200000,3,E-Wallet,Paid,3600000,2026-01,Saturday
ORD-10834,2026-01-10 16:00:00,Home & Living,Lampu Meja,150000,2,Credit Card,Paid,300000,2026-01,Saturday
ORD-10835,2026-03-31 20:00:00,Gadgets,Smartwatch,1200000,1,Midtrans - QRIS,Paid,1200000,2026-03,Tuesday
ORD-10836,2026-02-18 17:00:00,Home & Living,Lampu Meja,150000,1,Midtrans - QRIS,Paid,150000,2026-02,Wednesday
ORD-10837,2026-03-31 22:00:00,Accessories,Headphone Bluetooth,450000,2,E-Wallet,Paid,900000,2026-03,Tuesday
ORD-10838,2026-06-25 06:00:00,Electronics,Laptop,8500000,2,Midtrans - QRIS,Paid,17000000,2026-06,Thursday
ORD-10839,2026-03-04 05:00:00,Fashion,Kemeja Casual,250000,3,E-Wallet,Paid,750000,2026-03,Wednesday
ORD-10840,2026-07-16 14:00:00,Electronics,Laptop,8500000,3,Credit Card,Paid,25500000,2026-07,Thursday
ORD-10841,2026-06-16 23:00:00,Accessories,Headphone Bluetooth,450000,2,E-Wallet,Paid,900000,2026-06,Tuesday
ORD-10842,2026-04-14 00:00:00,Electronics,Laptop,8500000,3,Midtrans - QRIS,Paid,25500000,2026-04,Tuesday
ORD-10843,2026-04-21 20:00:00,Gadgets,Smartwatch,1200000,3,Credit Card,Paid,3600000,2026-04,Tuesday
ORD-10844,2026-04-25 03:00:00,Accessories,Headphone Bluetooth,450000,1,Credit Card,Paid,450000,2026-04,Saturday
ORD-10845,2026-03-15 09:00:00,Electronics,Laptop,8500000,1,Midtrans - Bank Transfer,Paid,8500000,2026-03,Sunday
ORD-10846,2026-05-27 10:00:00,Electronics,Laptop,8500000,1,Credit Card,Paid,8500000,2026-05,Wednesday
ORD-10847,2026-03-24 07:00:00,Fashion,Kemeja Casual,250000,2,Credit Card,Paid,500000,2026-03,Tuesday
ORD-10848,2026-04-09 10:00:00,Home & Living,Lampu Meja,150000,2,Credit Card,Pending,300000,2026-04,Thursday
ORD-10849,2026-02-06 12:00:00,Accessories,Headphone Bluetooth,450000,1,E-Wallet,Paid,450000,2026-02,Friday
ORD-10850,2026-06-08 20:00:00,Fashion,Kemeja Casual,250000,2,Midtrans - QRIS,Paid,500000,2026-06,Monday
ORD-10851,2026-05-24 16:00:00,Accessories,Headphone Bluetooth,450000,2,Midtrans - Bank Transfer,Paid,900000,2026-05,Sunday
ORD-10852,2026-02-24 16:00:00,Fashion,Kemeja Casual,250000,1,Credit Card,Paid,250000,2026-02,Tuesday
ORD-10853,2026-03-02 20:00:00,Accessories,Headphone Bluetooth,450000,3,Midtrans - Bank Transfer,Paid,1350000,2026-03,Monday
ORD-10854,2026-04-23 21:00:00,Gadgets,Smartwatch,1200000,3,Midtrans - Bank Transfer,Paid,3600000,2026-04,Thursday
ORD-10855,2026-04-07 20:00:00,Gadgets,Smartwatch,1200000,3,Midtrans - Bank Transfer,Paid,3600000,2026-04,Tuesday
ORD-10856,2026-03-14 05:00:00,Gadgets,Smartwatch,1200000,2,Midtrans - Bank Transfer,Paid,2400000,2026-03,Saturday
ORD-10857,2026-03-08 21:00:00,Electronics,Laptop,8500000,2,Credit Card,Paid,17000000,2026-03,Sunday
ORD-10858,2026-04-17 19:00:00,Home & Living,Lampu Meja,150000,3,Midtrans - QRIS,Paid,450000,2026-04,Friday
ORD-10859,2026-05-23 13:00:00,Gadgets,Smartwatch,1200000,1,Midtrans - Bank Transfer,Paid,1200000,2026-05,Saturday
ORD-10860,2026-05-27 13:00:00,Electronics,Laptop,8500000,3,Midtrans - QRIS,Paid,25500000,2026-05,Wednesday
ORD-10861,2026-04-10 21:00:00,Home & Living,Lampu Meja,150000,2,Midtrans - QRIS,Paid,300000,2026-04,Friday
ORD-10862,2026-06-05 15:00:00,Home & Living,Lampu Meja,150000,3,Midtrans - Bank Transfer,Paid,450000,2026-06,Friday
ORD-10863,2026-04-30 14:00:00,Fashion,Kemeja Casual,250000,1,Midtrans - Bank Transfer,Paid,250000,2026-04,Thursday
ORD-10864,2026-02-18 08:00:00,Fashion,Kemeja Casual,250000,2,Midtrans - Bank Transfer,Paid,500000,2026-02,Wednesday
ORD-10865,2026-07-22 06:00:00,Home & Living,Lampu Meja,150000,2,E-Wallet,Paid,300000,2026-07,Wednesday
ORD-10866,2026-01-11 02:00:00,Home & Living,Lampu Meja,150000,3,Credit Card,Paid,450000,2026-01,Sunday
ORD-10867,2026-04-18 22:00:00,Accessories,Headphone Bluetooth,450000,3,Midtrans - QRIS,Paid,1350000,2026-04,Saturday
ORD-10868,2026-02-14 07:00:00,Home & Living,Lampu Meja,150000,3,E-Wallet,Paid,450000,2026-02,Saturday
ORD-10869,2026-06-30 04:00:00,Home & Living,Lampu Meja,150000,2,E-Wallet,Paid,300000,2026-06,Tuesday
ORD-10870,2026-04-19 03:00:00,Accessories,Headphone Bluetooth,450000,3,E-Wallet,Paid,1350000,2026-04,Sunday
ORD-10871,2026-02-08 07:00:00,Fashion,Kemeja Casual,250000,1,Credit Card,Paid,250000,2026-02,Sunday
ORD-10872,2026-01-01 05:00:00,Accessories,Headphone Bluetooth,450000,2,E-Wallet,Paid,900000,2026-01,Thursday
ORD-10873,2026-01-20 11:00:00,Gadgets,Smartwatch,1200000,3,E-Wallet,Failed,3600000,2026-01,Tuesday
ORD-10874,2026-06-23 18:00:00,Fashion,Kemeja Casual,250000,3,Midtrans - QRIS,Paid,750000,2026-06,Tuesday
ORD-10875,2026-01-01 03:00:00,Home & Living,Lampu Meja,150000,1,Midtrans - QRIS,Paid,150000,2026-01,Thursday
ORD-10876,2026-01-27 21:00:00,Electronics,Laptop,8500000,3,E-Wallet,Paid,25500000,2026-01,Tuesday
ORD-10877,2026-01-05 21:00:00,Fashion,Kemeja Casual,250000,2,E-Wallet,Paid,500000,2026-01,Monday
ORD-10878,2026-05-03 00:00:00,Gadgets,Smartwatch,1200000,3,E-Wallet,Paid,3600000,2026-05,Sunday
ORD-10879,2026-04-17 07:00:00,Accessories,Headphone Bluetooth,450000,1,Credit Card,Paid,450000,2026-04,Friday
ORD-10880,2026-07-30 02:00:00,Fashion,Kemeja Casual,250000,2,Midtrans - QRIS,Paid,500000,2026-07,Thursday
ORD-10881,2026-06-28 17:00:00,Fashion,Kemeja Casual,250000,2,Credit Card,Pending,500000,2026-06,Sunday
ORD-10882,2026-02-05 06:00:00,Accessories,Headphone Bluetooth,450000,3,Midtrans - QRIS,Pending,1350000,2026-02,Thursday
ORD-10883,2026-04-26 02:00:00,Electronics,Laptop,8500000,3,Credit Card,Paid,25500000,2026-04,Sunday
ORD-10884,2026-02-17 13:00:00,Accessories,Headphone Bluetooth,450000,2,Credit Card,Paid,900000,2026-02,Tuesday
ORD-10885,2026-03-17 10:00:00,Fashion,Kemeja Casual,250000,3,E-Wallet,Paid,750000,2026-03,Tuesday
ORD-10886,2026-01-31 03:00:00,Electronics,Laptop,8500000,2,Midtrans - Bank Transfer,Paid,17000000,2026-01,Saturday
ORD-10887,2026-01-10 08:00:00,Home & Living,Lampu Meja,150000,2,Midtrans - Bank Transfer,Paid,300000,2026-01,Saturday
ORD-10888,2026-07-12 19:00:00,Electronics,Laptop,8500000,2,Midtrans - Bank Transfer,Paid,17000000,2026-07,Sunday
ORD-10889,2026-06-25 08:00:00,Electronics,Laptop,8500000,2,Midtrans - Bank Transfer,Paid,17000000,2026-06,Thursday
ORD-10890,2026-07-13 22:00:00,Fashion,Kemeja Casual,250000,2,E-Wallet,Paid,500000,2026-07,Monday
ORD-10891,2026-03-27 08:00:00,Electronics,Laptop,8500000,1,E-Wallet,Paid,8500000,2026-03,Friday
ORD-10892,2026-07-17 21:00:00,Accessories,Headphone Bluetooth,450000,2,Midtrans - Bank Transfer,Paid,900000,2026-07,Friday
ORD-10893,2026-07-03 23:00:00,Gadgets,Smartwatch,1200000,3,Credit Card,Paid,3600000,2026-07,Friday
ORD-10894,2026-03-07 13:00:00,Fashion,Kemeja Casual,250000,1,E-Wallet,Paid,250000,2026-03,Saturday
ORD-10895,2026-03-18 04:00:00,Home & Living,Lampu Meja,150000,2,Midtrans - QRIS,Paid,300000,2026-03,Wednesday
ORD-10896,2026-03-21 21:00:00,Electronics,Laptop,8500000,3,Credit Card,Paid,25500000,2026-03,Saturday
ORD-10897,2026-06-26 10:00:00,Accessories,Headphone Bluetooth,450000,2,Midtrans - Bank Transfer,Paid,900000,2026-06,Friday
ORD-10898,2026-03-26 10:00:00,Accessories,Headphone Bluetooth,450000,3,Midtrans - Bank Transfer,Paid,1350000,2026-03,Thursday
ORD-10899,2026-06-06 00:00:00,Accessories,Headphone Bluetooth,450000,1,Credit Card,Paid,450000,2026-06,Saturday
ORD-10900,2026-02-07 13:00:00,Electronics,Laptop,8500000,3,Midtrans - QRIS,Paid,25500000,2026-02,Saturday
ORD-10901,2026-07-19 09:00:00,Gadgets,Smartwatch,1200000,3,Midtrans - QRIS,Paid,3600000,2026-07,Sunday
ORD-10902,2026-03-26 23:00:00,Accessories,Headphone Bluetooth,450000,1,Midtrans - QRIS,Paid,450000,2026-03,Thursday
ORD-10903,2026-01-01 09:00:00,Electronics,Laptop,8500000,3,Credit Card,Paid,25500000,2026-01,Thursday
ORD-10904,2026-01-11 20:00:00,Fashion,Kemeja Casual,250000,3,Credit Card,Paid,750000,2026-01,Sunday
ORD-10905,2026-03-11 17:00:00,Gadgets,Smartwatch,1200000,1,Credit Card,Paid,1200000,2026-03,Wednesday
ORD-10906,2026-04-03 11:00:00,Accessories,Headphone Bluetooth,450000,3,Midtrans - Bank Transfer,Paid,1350000,2026-04,Friday
ORD-10907,2026-03-27 20:00:00,Fashion,Kemeja Casual,250000,2,Midtrans - QRIS,Paid,500000,2026-03,Friday
ORD-10908,2026-08-09 07:00:00,Electronics,Laptop,8500000,2,Midtrans - QRIS,Paid,17000000,2026-08,Sunday
ORD-10909,2026-06-04 17:00:00,Electronics,Laptop,8500000,1,Midtrans - QRIS,Paid,8500000,2026-06,Thursday
ORD-10910,2026-03-09 11:00:00,Electronics,Laptop,8500000,2,Midtrans - Bank Transfer,Paid,17000000,2026-03,Monday
ORD-10911,2026-01-14 08:00:00,Accessories,Headphone Bluetooth,450000,2,Credit Card,Paid,900000,2026-01,Wednesday
ORD-10912,2026-02-25 22:00:00,Accessories,Headphone Bluetooth,450000,3,Midtrans - QRIS,Paid,1350000,2026-02,Wednesday
ORD-10913,2026-04-10 00:00:00,Accessories,Headphone Bluetooth,450000,1,Credit Card,Paid,450000,2026-04,Friday
ORD-10914,2026-04-29 00:00:00,Home & Living,Lampu Meja,150000,2,Midtrans - Bank Transfer,Pending,300000,2026-04,Wednesday
ORD-10915,2026-04-28 16:00:00,Electronics,Laptop,8500000,3,Midtrans - Bank Transfer,Paid,25500000,2026-04,Tuesday
ORD-10916,2026-03-25 02:00:00,Accessories,Headphone Bluetooth,450000,2,E-Wallet,Paid,900000,2026-03,Wednesday
ORD-10917,2026-05-04 06:00:00,Home & Living,Lampu Meja,150000,2,Midtrans - QRIS,Paid,300000,2026-05,Monday
ORD-10918,2026-03-26 22:00:00,Electronics,Laptop,8500000,2,Midtrans - QRIS,Paid,17000000,2026-03,Thursday
ORD-10919,2026-05-26 10:00:00,Gadgets,Smartwatch,1200000,3,Credit Card,Paid,3600000,2026-05,Tuesday
ORD-10920,2026-06-03 05:00:00,Home & Living,Lampu Meja,150000,3,E-Wallet,Paid,450000,2026-06,Wednesday
ORD-10921,2026-02-16 14:00:00,Home & Living,Lampu Meja,150000,3,E-Wallet,Paid,450000,2026-02,Monday
ORD-10922,2026-03-08 20:00:00,Fashion,Kemeja Casual,250000,1,Midtrans - Bank Transfer,Paid,250000,2026-03,Sunday
ORD-10923,2026-06-17 19:00:00,Home & Living,Lampu Meja,150000,2,Midtrans - Bank Transfer,Paid,300000,2026-06,Wednesday
ORD-10924,2026-01-10 19:00:00,Gadgets,Smartwatch,1200000,1,Midtrans - QRIS,Paid,1200000,2026-01,Saturday
ORD-10925,2026-03-24 01:00:00,Accessories,Headphone Bluetooth,450000,3,Credit Card,Paid,1350000,2026-03,Tuesday
ORD-10926,2026-07-04 13:00:00,Home & Living,Lampu Meja,150000,2,E-Wallet,Paid,300000,2026-07,Saturday
ORD-10927,2026-03-21 12:00:00,Gadgets,Smartwatch,1200000,1,Midtrans - QRIS,Paid,1200000,2026-03,Saturday
ORD-10928,2026-01-16 15:00:00,Home & Living,Lampu Meja,150000,3,Midtrans - Bank Transfer,Paid,450000,2026-01,Friday
ORD-10929,2026-05-28 02:00:00,Fashion,Kemeja Casual,250000,3,E-Wallet,Paid,750000,2026-05,Thursday
ORD-10930,2026-08-08 00:00:00,Fashion,Kemeja Casual,250000,1,Midtrans - Bank Transfer,Paid,250000,2026-08,Saturday
ORD-10931,2026-04-20 19:00:00,Fashion,Kemeja Casual,250000,2,Midtrans - QRIS,Paid,500000,2026-04,Monday
ORD-10932,2026-03-07 10:00:00,Accessories,Headphone Bluetooth,450000,1,Credit Card,Paid,450000,2026-03,Saturday
ORD-10933,2026-04-17 16:00:00,Home & Living,Lampu Meja,150000,2,Midtrans - Bank Transfer,Paid,300000,2026-04,Friday
ORD-10934,2026-05-22 07:00:00,Fashion,Kemeja Casual,250000,1,Midtrans - QRIS,Paid,250000,2026-05,Friday
ORD-10935,2026-05-04 13:00:00,Accessories,Headphone Bluetooth,450000,3,Midtrans - QRIS,Paid,1350000,2026-05,Monday
ORD-10936,2026-06-01 19:00:00,Fashion,Kemeja Casual,250000,3,E-Wallet,Paid,750000,2026-06,Monday
ORD-10937,2026-06-10 10:00:00,Electronics,Laptop,8500000,1,Midtrans - QRIS,Paid,8500000,2026-06,Wednesday
ORD-10938,2026-02-06 08:00:00,Home & Living,Lampu Meja,150000,3,Credit Card,Paid,450000,2026-02,Friday
ORD-10939,2026-02-22 04:00:00,Home & Living,Lampu Meja,150000,1,E-Wallet,Failed,150000,2026-02,Sunday
ORD-10940,2026-02-24 18:00:00,Gadgets,Smartwatch,1200000,1,Midtrans - Bank Transfer,Paid,1200000,2026-02,Tuesday
ORD-10941,2026-07-20 20:00:00,Home & Living,Lampu Meja,150000,2,Midtrans - Bank Transfer,Paid,300000,2026-07,Monday
ORD-10942,2026-05-01 18:00:00,Home & Living,Lampu Meja,150000,1,Credit Card,Paid,150000,2026-05,Friday
ORD-10943,2026-01-04 05:00:00,Electronics,Laptop,8500000,3,Midtrans - QRIS,Paid,25500000,2026-01,Sunday
ORD-10944,2026-04-20 05:00:00,Electronics,Laptop,8500000,3,Midtrans - Bank Transfer,Paid,25500000,2026-04,Monday
ORD-10945,2026-06-26 03:00:00,Fashion,Kemeja Casual,250000,3,Midtrans - Bank Transfer,Paid,750000,2026-06,Friday
ORD-10946,2026-01-26 00:00:00,Gadgets,Smartwatch,1200000,3,Midtrans - QRIS,Paid,3600000,2026-01,Monday
ORD-10947,2026-02-14 09:00:00,Fashion,Kemeja Casual,250000,1,E-Wallet,Paid,250000,2026-02,Saturday
ORD-10948,2026-03-31 00:00:00,Electronics,Laptop,8500000,2,Midtrans - QRIS,Paid,17000000,2026-03,Tuesday
ORD-10949,2026-04-13 01:00:00,Fashion,Kemeja Casual,250000,2,Credit Card,Paid,500000,2026-04,Monday
ORD-10950,2026-04-08 15:00:00,Electronics,Laptop,8500000,2,Credit Card,Paid,17000000,2026-04,Wednesday
ORD-10951,2026-03-19 15:00:00,Fashion,Kemeja Casual,250000,2,Credit Card,Paid,500000,2026-03,Thursday
ORD-10952,2026-02-24 22:00:00,Accessories,Headphone Bluetooth,450000,1,Midtrans - QRIS,Failed,450000,2026-02,Tuesday
ORD-10953,2026-07-16 07:00:00,Electronics,Laptop,8500000,2,E-Wallet,Paid,17000000,2026-07,Thursday
ORD-10954,2026-05-30 21:00:00,Electronics,Laptop,8500000,2,Midtrans - QRIS,Paid,17000000,2026-05,Saturday
ORD-10955,2026-06-06 18:00:00,Home & Living,Lampu Meja,150000,1,Credit Card,Paid,150000,2026-06,Saturday
ORD-10956,2026-08-03 06:00:00,Accessories,Headphone Bluetooth,450000,3,Midtrans - QRIS,Pending,1350000,2026-08,Monday
ORD-10957,2026-07-14 14:00:00,Electronics,Laptop,8500000,3,Credit Card,Paid,25500000,2026-07,Tuesday
ORD-10958,2026-04-02 06:00:00,Fashion,Kemeja Casual,250000,1,E-Wallet,Failed,250000,2026-04,Thursday
ORD-10959,2026-02-11 08:00:00,Fashion,Kemeja Casual,250000,2,Credit Card,Paid,500000,2026-02,Wednesday
ORD-10960,2026-04-24 00:00:00,Gadgets,Smartwatch,1200000,1,Midtrans - QRIS,Paid,1200000,2026-04,Friday
ORD-10961,2026-04-02 08:00:00,Accessories,Headphone Bluetooth,450000,1,E-Wallet,Paid,450000,2026-04,Thursday
ORD-10962,2026-02-22 00:00:00,Accessories,Headphone Bluetooth,450000,2,E-Wallet,Paid,900000,2026-02,Sunday
ORD-10963,2026-05-08 06:00:00,Accessories,Headphone Bluetooth,450000,3,E-Wallet,Paid,1350000,2026-05,Friday
ORD-10964,2026-07-11 14:00:00,Fashion,Kemeja Casual,250000,3,Midtrans - Bank Transfer,Paid,750000,2026-07,Saturday
ORD-10965,2026-06-18 01:00:00,Accessories,Headphone Bluetooth,450000,1,Midtrans - Bank Transfer,Paid,450000,2026-06,Thursday
ORD-10966,2026-03-25 05:00:00,Gadgets,Smartwatch,1200000,3,Midtrans - QRIS,Paid,3600000,2026-03,Wednesday
ORD-10967,2026-07-24 20:00:00,Accessories,Headphone Bluetooth,450000,2,Midtrans - Bank Transfer,Paid,900000,2026-07,Friday
ORD-10968,2026-06-03 15:00:00,Home & Living,Lampu Meja,150000,3,E-Wallet,Paid,450000,2026-06,Wednesday
ORD-10969,2026-03-31 15:00:00,Electronics,Laptop,8500000,2,Credit Card,Paid,17000000,2026-03,Tuesday
ORD-10970,2026-06-17 10:00:00,Fashion,Kemeja Casual,250000,1,Midtrans - QRIS,Paid,250000,2026-06,Wednesday
ORD-10971,2026-05-10 14:00:00,Accessories,Headphone Bluetooth,450000,3,Credit Card,Paid,1350000,2026-05,Sunday
ORD-10972,2026-03-24 02:00:00,Home & Living,Lampu Meja,150000,2,Midtrans - QRIS,Paid,300000,2026-03,Tuesday
ORD-10973,2026-01-09 05:00:00,Gadgets,Smartwatch,1200000,3,E-Wallet,Paid,3600000,2026-01,Friday
ORD-10974,2026-04-20 10:00:00,Home & Living,Lampu Meja,150000,3,Midtrans - QRIS,Paid,450000,2026-04,Monday
ORD-10975,2026-02-20 02:00:00,Electronics,Laptop,8500000,1,E-Wallet,Paid,8500000,2026-02,Friday
ORD-10976,2026-03-26 19:00:00,Fashion,Kemeja Casual,250000,1,E-Wallet,Paid,250000,2026-03,Thursday
ORD-10977,2026-01-20 21:00:00,Home & Living,Lampu Meja,150000,1,Midtrans - QRIS,Paid,150000,2026-01,Tuesday
ORD-10978,2026-02-22 06:00:00,Accessories,Headphone Bluetooth,450000,2,Midtrans - Bank Transfer,Failed,900000,2026-02,Sunday
ORD-10979,2026-02-08 10:00:00,Fashion,Kemeja Casual,250000,3,Credit Card,Paid,750000,2026-02,Sunday
ORD-10980,2026-01-18 11:00:00,Fashion,Kemeja Casual,250000,2,Credit Card,Paid,500000,2026-01,Sunday
ORD-10981,2026-04-02 20:00:00,Electronics,Laptop,8500000,1,Midtrans - Bank Transfer,Paid,8500000,2026-04,Thursday
ORD-10982,2026-04-19 05:00:00,Accessories,Headphone Bluetooth,450000,2,Credit Card,Paid,900000,2026-04,Sunday
ORD-10983,2026-02-16 16:00:00,Fashion,Kemeja Casual,250000,2,E-Wallet,Paid,500000,2026-02,Monday
ORD-10984,2026-05-08 20:00:00,Accessories,Headphone Bluetooth,450000,3,Credit Card,Paid,1350000,2026-05,Friday
ORD-10985,2026-02-09 14:00:00,Home & Living,Lampu Meja,150000,3,Midtrans - Bank Transfer,Paid,450000,2026-02,Monday
ORD-10986,2026-04-08 08:00:00,Fashion,Kemeja Casual,250000,3,Midtrans - QRIS,Paid,750000,2026-04,Wednesday
ORD-10987,2026-04-04 11:00:00,Electronics,Laptop,8500000,1,Credit Card,Failed,8500000,2026-04,Saturday
ORD-10988,2026-04-21 05:00:00,Electronics,Laptop,8500000,3,E-Wallet,Paid,25500000,2026-04,Tuesday
ORD-10989,2026-03-19 09:00:00,Fashion,Kemeja Casual,250000,2,E-Wallet,Paid,500000,2026-03,Thursday
ORD-10990,2026-07-12 04:00:00,Home & Living,Lampu Meja,150000,2,Credit Card,Failed,300000,2026-07,Sunday
ORD-10991,2026-03-19 17:00:00,Home & Living,Lampu Meja,150000,3,Midtrans - Bank Transfer,Paid,450000,2026-03,Thursday
ORD-10992,2026-05-02 08:00:00,Home & Living,Lampu Meja,150000,2,Credit Card,Paid,300000,2026-05,Saturday
ORD-10993,2026-08-07 05:00:00,Fashion,Kemeja Casual,250000,1,E-Wallet,Paid,250000,2026-08,Friday
ORD-10994,2026-04-29 21:00:00,Gadgets,Smartwatch,1200000,2,E-Wallet,Paid,2400000,2026-04,Wednesday
ORD-10995,2026-07-24 14:00:00,Accessories,Headphone Bluetooth,450000,2,E-Wallet,Pending,900000,2026-07,Friday
ORD-10996,2026-05-15 12:00:00,Electronics,Laptop,8500000,1,E-Wallet,Paid,8500000,2026-05,Friday
ORD-10997,2026-06-04 23:00:00,Fashion,Kemeja Casual,250000,3,Midtrans - Bank Transfer,Paid,750000,2026-06,Thursday
ORD-10998,2026-05-15 12:00:00,Accessories,Headphone Bluetooth,450000,2,Midtrans - Bank Transfer,Paid,900000,2026-05,Friday
ORD-10999,2026-04-09 19:00:00,Home & Living,Lampu Meja,150000,3,Midtrans - Bank Transfer,Failed,450000,2026-04,Thursday
ORD-11000,2026-05-01 11:00:00,Fashion,Kemeja Casual,250000,1,Midtrans - QRIS,Paid,250000,2026-05,Friday
ORD-11001,2026-06-06 12:00:00,Electronics,Laptop,8500000,2,Midtrans - Bank Transfer,Paid,17000000,2026-06,Saturday
ORD-11002,2026-06-26 01:00:00,Electronics,Laptop,8500000,2,E-Wallet,Paid,17000000,2026-06,Friday
ORD-11003,2026-01-04 22:00:00,Gadgets,Smartwatch,1200000,2,Midtrans - Bank Transfer,Paid,2400000,2026-01,Sunday
ORD-11004,2026-04-22 10:00:00,Gadgets,Smartwatch,1200000,2,Credit Card,Paid,2400000,2026-04,Wednesday
ORD-11005,2026-03-23 11:00:00,Electronics,Laptop,8500000,2,Midtrans - QRIS,Paid,17000000,2026-03,Monday
ORD-11006,2026-02-03 01:00:00,Gadgets,Smartwatch,1200000,1,E-Wallet,Paid,1200000,2026-02,Tuesday
ORD-11007,2026-03-18 10:00:00,Accessories,Headphone Bluetooth,450000,2,Midtrans - QRIS,Paid,900000,2026-03,Wednesday
ORD-11008,2026-03-30 04:00:00,Fashion,Kemeja Casual,250000,2,Midtrans - QRIS,Pending,500000,2026-03,Monday
ORD-11009,2026-06-21 02:00:00,Gadgets,Smartwatch,1200000,2,E-Wallet,Paid,2400000,2026-06,Sunday
ORD-11010,2026-05-19 13:00:00,Accessories,Headphone Bluetooth,450000,2,Midtrans - QRIS,Paid,900000,2026-05,Tuesday
ORD-11011,2026-05-02 15:00:00,Accessories,Headphone Bluetooth,450000,1,E-Wallet,Paid,450000,2026-05,Saturday
ORD-11012,2026-04-19 05:00:00,Gadgets,Smartwatch,1200000,2,Midtrans - QRIS,Paid,2400000,2026-04,Sunday
ORD-11013,2026-05-14 13:00:00,Accessories,Headphone Bluetooth,450000,3,E-Wallet,Paid,1350000,2026-05,Thursday
ORD-11014,2026-07-20 07:00:00,Gadgets,Smartwatch,1200000,1,E-Wallet,Paid,1200000,2026-07,Monday
ORD-11015,2026-02-03 22:00:00,Gadgets,Smartwatch,1200000,1,Midtrans - Bank Transfer,Paid,1200000,2026-02,Tuesday
ORD-11016,2026-01-15 09:00:00,Accessories,Headphone Bluetooth,450000,3,Midtrans - QRIS,Paid,1350000,2026-01,Thursday
ORD-11017,2026-04-08 21:00:00,Gadgets,Smartwatch,1200000,1,Midtrans - Bank Transfer,Paid,1200000,2026-04,Wednesday
ORD-11018,2026-01-16 02:00:00,Gadgets,Smartwatch,1200000,2,Midtrans - Bank Transfer,Paid,2400000,2026-01,Friday
ORD-11019,2026-04-12 19:00:00,Gadgets,Smartwatch,1200000,3,E-Wallet,Paid,3600000,2026-04,Sunday
ORD-11020,2026-04-05 09:00:00,Home & Living,Lampu Meja,150000,1,Midtrans - Bank Transfer,Paid,150000,2026-04,Sunday
ORD-11021,2026-04-02 04:00:00,Electronics,Laptop,8500000,3,Midtrans - QRIS,Paid,25500000,2026-04,Thursday
ORD-11022,2026-05-06 05:00:00,Accessories,Headphone Bluetooth,450000,3,E-Wallet,Paid,1350000,2026-05,Wednesday
ORD-11023,2026-05-17 17:00:00,Electronics,Laptop,8500000,1,Midtrans - QRIS,Paid,8500000,2026-05,Sunday
ORD-11024,2026-02-11 00:00:00,Fashion,Kemeja Casual,250000,1,Midtrans - Bank Transfer,Paid,250000,2026-02,Wednesday
ORD-11025,2026-03-10 07:00:00,Electronics,Laptop,8500000,3,Midtrans - Bank Transfer,Paid,25500000,2026-03,Tuesday
ORD-11026,2026-02-04 11:00:00,Home & Living,Lampu Meja,150000,3,Credit Card,Failed,450000,2026-02,Wednesday
ORD-11027,2026-04-24 18:00:00,Home & Living,Lampu Meja,150000,1,Midtrans - QRIS,Paid,150000,2026-04,Friday
ORD-11028,2026-05-28 03:00:00,Home & Living,Lampu Meja,150000,2,Credit Card,Paid,300000,2026-05,Thursday
ORD-11029,2026-07-05 11:00:00,Fashion,Kemeja Casual,250000,1,Credit Card,Paid,250000,2026-07,Sunday
ORD-11030,2026-05-03 07:00:00,Fashion,Kemeja Casual,250000,1,E-Wallet,Paid,250000,2026-05,Sunday
ORD-11031,2026-06-11 12:00:00,Accessories,Headphone Bluetooth,450000,3,Midtrans - Bank Transfer,Paid,1350000,2026-06,Thursday
ORD-11032,2026-01-06 06:00:00,Home & Living,Lampu Meja,150000,1,Credit Card,Paid,150000,2026-01,Tuesday
ORD-11033,2026-05-13 09:00:00,Gadgets,Smartwatch,1200000,1,E-Wallet,Paid,1200000,2026-05,Wednesday
ORD-11034,2026-05-08 08:00:00,Gadgets,Smartwatch,1200000,3,Midtrans - QRIS,Failed,3600000,2026-05,Friday
ORD-11035,2026-01-26 03:00:00,Home & Living,Lampu Meja,150000,1,Credit Card,Paid,150000,2026-01,Monday
ORD-11036,2026-05-24 17:00:00,Gadgets,Smartwatch,1200000,1,Midtrans - QRIS,Paid,1200000,2026-05,Sunday
ORD-11037,2026-08-01 21:00:00,Accessories,Headphone Bluetooth,450000,1,Midtrans - QRIS,Paid,450000,2026-08,Saturday
ORD-11038,2026-06-22 18:00:00,Gadgets,Smartwatch,1200000,2,Midtrans - QRIS,Paid,2400000,2026-06,Monday
ORD-11039,2026-05-28 05:00:00,Fashion,Kemeja Casual,250000,3,Credit Card,Paid,750000,2026-05,Thursday
ORD-11040,2026-05-21 07:00:00,Electronics,Laptop,8500000,3,E-Wallet,Paid,25500000,2026-05,Thursday
ORD-11041,2026-05-21 08:00:00,Gadgets,Smartwatch,1200000,3,Credit Card,Paid,3600000,2026-05,Thursday
ORD-11042,2026-06-08 05:00:00,Home & Living,Lampu Meja,150000,2,Midtrans - QRIS,Paid,300000,2026-06,Monday
ORD-11043,2026-03-16 16:00:00,Fashion,Kemeja Casual,250000,3,Credit Card,Paid,750000,2026-03,Monday
ORD-11044,2026-04-30 05:00:00,Gadgets,Smartwatch,1200000,2,Midtrans - Bank Transfer,Paid,2400000,2026-04,Thursday
ORD-11045,2026-05-25 20:00:00,Electronics,Laptop,8500000,3,E-Wallet,Paid,25500000,2026-05,Monday
ORD-11046,2026-05-23 09:00:00,Gadgets,Smartwatch,1200000,2,Credit Card,Paid,2400000,2026-05,Saturday
ORD-11047,2026-03-10 13:00:00,Home & Living,Lampu Meja,150000,3,Midtrans - Bank Transfer,Failed,450000,2026-03,Tuesday
ORD-11048,2026-02-20 05:00:00,Gadgets,Smartwatch,1200000,2,Midtrans - QRIS,Paid,2400000,2026-02,Friday
ORD-11049,2026-05-07 06:00:00,Home & Living,Lampu Meja,150000,3,Midtrans - Bank Transfer,Paid,450000,2026-05,Thursday
ORD-11050,2026-04-30 16:00:00,Accessories,Headphone Bluetooth,450000,1,Midtrans - Bank Transfer,Paid,450000,2026-04,Thursday
ORD-11051,2026-05-09 00:00:00,Electronics,Laptop,8500000,2,E-Wallet,Paid,17000000,2026-05,Saturday
ORD-11052,2026-03-19 06:00:00,Electronics,Laptop,8500000,3,Midtrans - QRIS,Paid,25500000,2026-03,Thursday
ORD-11053,2026-06-17 13:00:00,Gadgets,Smartwatch,1200000,2,Midtrans - Bank Transfer,Paid,2400000,2026-06,Wednesday
ORD-11054,2026-07-14 06:00:00,Fashion,Kemeja Casual,250000,3,Credit Card,Paid,750000,2026-07,Tuesday
ORD-11055,2026-07-29 15:00:00,Electronics,Laptop,8500000,2,Midtrans - Bank Transfer,Paid,17000000,2026-07,Wednesday
ORD-11056,2026-04-23 20:00:00,Gadgets,Smartwatch,1200000,2,Midtrans - QRIS,Paid,2400000,2026-04,Thursday
ORD-11057,2026-05-26 22:00:00,Gadgets,Smartwatch,1200000,1,Credit Card,Paid,1200000,2026-05,Tuesday
ORD-11058,2026-02-25 12:00:00,Gadgets,Smartwatch,1200000,1,Midtrans - Bank Transfer,Paid,1200000,2026-02,Wednesday
ORD-11059,2026-01-09 09:00:00,Electronics,Laptop,8500000,3,Midtrans - QRIS,Paid,25500000,2026-01,Friday
ORD-11060,2026-05-27 03:00:00,Accessories,Headphone Bluetooth,450000,2,E-Wallet,Paid,900000,2026-05,Wednesday
ORD-11061,2026-06-25 12:00:00,Electronics,Laptop,8500000,2,Credit Card,Paid,17000000,2026-06,Thursday
ORD-11062,2026-07-29 16:00:00,Fashion,Kemeja Casual,250000,1,Midtrans - Bank Transfer,Paid,250000,2026-07,Wednesday
ORD-11063,2026-01-24 22:00:00,Electronics,Laptop,8500000,3,E-Wallet,Paid,25500000,2026-01,Saturday
ORD-11064,2026-01-23 08:00:00,Home & Living,Lampu Meja,150000,1,Midtrans - Bank Transfer,Paid,150000,2026-01,Friday
ORD-11065,2026-03-09 17:00:00,Gadgets,Smartwatch,1200000,2,E-Wallet,Paid,2400000,2026-03,Monday
ORD-11066,2026-03-30 10:00:00,Home & Living,Lampu Meja,150000,2,Midtrans - QRIS,Paid,300000,2026-03,Monday
ORD-11067,2026-01-17 01:00:00,Fashion,Kemeja Casual,250000,1,Midtrans - Bank Transfer,Paid,250000,2026-01,Saturday
ORD-11068,2026-05-17 17:00:00,Accessories,Headphone Bluetooth,450000,3,E-Wallet,Paid,1350000,2026-05,Sunday
ORD-11069,2026-01-20 18:00:00,Home & Living,Lampu Meja,150000,3,Credit Card,Paid,450000,2026-01,Tuesday
ORD-11070,2026-01-18 09:00:00,Electronics,Laptop,8500000,2,E-Wallet,Paid,17000000,2026-01,Sunday
ORD-11071,2026-05-31 00:00:00,Home & Living,Lampu Meja,150000,3,Credit Card,Paid,450000,2026-05,Sunday
ORD-11072,2026-07-29 18:00:00,Gadgets,Smartwatch,1200000,1,Midtrans - Bank Transfer,Paid,1200000,2026-07,Wednesday
ORD-11073,2026-02-09 18:00:00,Fashion,Kemeja Casual,250000,3,Midtrans - Bank Transfer,Paid,750000,2026-02,Monday
ORD-11074,2026-07-27 03:00:00,Home & Living,Lampu Meja,150000,2,E-Wallet,Pending,300000,2026-07,Monday
ORD-11075,2026-07-22 10:00:00,Gadgets,Smartwatch,1200000,2,Midtrans - QRIS,Paid,2400000,2026-07,Wednesday
ORD-11076,2026-08-09 18:00:00,Accessories,Headphone Bluetooth,450000,1,Credit Card,Paid,450000,2026-08,Sunday
ORD-11077,2026-02-20 05:00:00,Fashion,Kemeja Casual,250000,1,Midtrans - QRIS,Paid,250000,2026-02,Friday
ORD-11078,2026-07-18 07:00:00,Home & Living,Lampu Meja,150000,1,Midtrans - QRIS,Paid,150000,2026-07,Saturday
ORD-11079,2026-06-21 16:00:00,Accessories,Headphone Bluetooth,450000,2,Midtrans - Bank Transfer,Paid,900000,2026-06,Sunday
ORD-11080,2026-03-24 22:00:00,Fashion,Kemeja Casual,250000,1,E-Wallet,Failed,250000,2026-03,Tuesday
ORD-11081,2026-08-09 19:00:00,Home & Living,Lampu Meja,150000,3,Midtrans - Bank Transfer,Paid,450000,2026-08,Sunday
ORD-11082,2026-07-20 05:00:00,Gadgets,Smartwatch,1200000,3,Midtrans - Bank Transfer,Paid,3600000,2026-07,Monday
ORD-11083,2026-05-29 20:00:00,Accessories,Headphone Bluetooth,450000,3,Midtrans - QRIS,Paid,1350000,2026-05,Friday
ORD-11084,2026-08-09 00:00:00,Accessories,Headphone Bluetooth,450000,2,Midtrans - QRIS,Paid,900000,2026-08,Sunday
ORD-11085,2026-07-02 12:00:00,Home & Living,Lampu Meja,150000,2,E-Wallet,Paid,300000,2026-07,Thursday
ORD-11086,2026-06-23 06:00:00,Fashion,Kemeja Casual,250000,1,E-Wallet,Paid,250000,2026-06,Tuesday
ORD-11087,2026-08-01 10:00:00,Fashion,Kemeja Casual,250000,3,E-Wallet,Paid,750000,2026-08,Saturday
ORD-11088,2026-07-18 05:00:00,Gadgets,Smartwatch,1200000,1,Midtrans - QRIS,Paid,1200000,2026-07,Saturday
ORD-11089,2026-04-24 01:00:00,Fashion,Kemeja Casual,250000,3,Midtrans - QRIS,Paid,750000,2026-04,Friday
ORD-11090,2026-04-02 19:00:00,Electronics,Laptop,8500000,1,Credit Card,Paid,8500000,2026-04,Thursday
ORD-11091,2026-05-11 00:00:00,Gadgets,Smartwatch,1200000,3,Credit Card,Paid,3600000,2026-05,Monday
ORD-11092,2026-02-10 06:00:00,Fashion,Kemeja Casual,250000,1,Midtrans - QRIS,Paid,250000,2026-02,Tuesday
ORD-11093,2026-07-26 00:00:00,Accessories,Headphone Bluetooth,450000,2,Midtrans - Bank Transfer,Paid,900000,2026-07,Sunday
ORD-11094,2026-08-05 19:00:00,Fashion,Kemeja Casual,250000,3,Credit Card,Paid,750000,2026-08,Wednesday
ORD-11095,2026-05-24 00:00:00,Accessories,Headphone Bluetooth,450000,3,Credit Card,Paid,1350000,2026-05,Sunday
ORD-11096,2026-01-29 16:00:00,Fashion,Kemeja Casual,250000,1,Credit Card,Paid,250000,2026-01,Thursday
ORD-11097,2026-06-26 19:00:00,Gadgets,Smartwatch,1200000,3,Midtrans - QRIS,Paid,3600000,2026-06,Friday
ORD-11098,2026-06-04 05:00:00,Home & Living,Lampu Meja,150000,3,E-Wallet,Paid,450000,2026-06,Thursday
ORD-11099,2026-01-15 05:00:00,Fashion,Kemeja Casual,250000,3,E-Wallet,Paid,750000,2026-01,Thursday
ORD-11100,2026-08-04 22:00:00,Home & Living,Lampu Meja,150000,1,E-Wallet,Paid,150000,2026-08,Tuesday
ORD-11101,2026-03-13 20:00:00,Accessories,Headphone Bluetooth,450000,3,E-Wallet,Paid,1350000,2026-03,Friday
ORD-11102,2026-07-04 06:00:00,Accessories,Headphone Bluetooth,450000,1,Midtrans - Bank Transfer,Pending,450000,2026-07,Saturday
ORD-11103,2026-03-16 16:00:00,Fashion,Kemeja Casual,250000,1,Midtrans - QRIS,Paid,250000,2026-03,Monday
ORD-11104,2026-03-15 07:00:00,Accessories,Headphone Bluetooth,450000,1,Midtrans - QRIS,Pending,450000,2026-03,Sunday
ORD-11105,2026-05-14 20:00:00,Electronics,Laptop,8500000,1,Midtrans - QRIS,Paid,8500000,2026-05,Thursday
ORD-11106,2026-02-11 05:00:00,Electronics,Laptop,8500000,2,Midtrans - QRIS,Paid,17000000,2026-02,Wednesday
ORD-11107,2026-04-05 06:00:00,Electronics,Laptop,8500000,1,Credit Card,Failed,8500000,2026-04,Sunday
ORD-11108,2026-04-14 10:00:00,Accessories,Headphone Bluetooth,450000,3,Midtrans - Bank Transfer,Paid,1350000,2026-04,Tuesday
ORD-11109,2026-02-09 15:00:00,Accessories,Headphone Bluetooth,450000,3,Midtrans - QRIS,Paid,1350000,2026-02,Monday
ORD-11110,2026-01-31 02:00:00,Home & Living,Lampu Meja,150000,3,Midtrans - Bank Transfer,Paid,450000,2026-01,Saturday
ORD-11111,2026-05-22 05:00:00,Home & Living,Lampu Meja,150000,3,Midtrans - Bank Transfer,Paid,450000,2026-05,Friday
ORD-11112,2026-03-28 15:00:00,Gadgets,Smartwatch,1200000,1,E-Wallet,Paid,1200000,2026-03,Saturday
ORD-11113,2026-04-24 05:00:00,Fashion,Kemeja Casual,250000,3,Midtrans - QRIS,Paid,750000,2026-04,Friday
ORD-11114,2026-04-08 04:00:00,Accessories,Headphone Bluetooth,450000,1,Midtrans - Bank Transfer,Paid,450000,2026-04,Wednesday
ORD-11115,2026-05-21 16:00:00,Fashion,Kemeja Casual,250000,3,Midtrans - QRIS,Paid,750000,2026-05,Thursday
ORD-11116,2026-07-08 12:00:00,Accessories,Headphone Bluetooth,450000,2,Credit Card,Pending,900000,2026-07,Wednesday
ORD-11117,2026-03-04 12:00:00,Accessories,Headphone Bluetooth,450000,2,Credit Card,Paid,900000,2026-03,Wednesday
ORD-11118,2026-01-12 21:00:00,Home & Living,Lampu Meja,150000,3,Credit Card,Paid,450000,2026-01,Monday
ORD-11119,2026-05-26 15:00:00,Fashion,Kemeja Casual,250000,2,Midtrans - QRIS,Paid,500000,2026-05,Tuesday
ORD-11120,2026-03-28 01:00:00,Gadgets,Smartwatch,1200000,1,Midtrans - Bank Transfer,Paid,1200000,2026-03,Saturday
ORD-11121,2026-02-02 00:00:00,Home & Living,Lampu Meja,150000,2,E-Wallet,Paid,300000,2026-02,Monday
ORD-11122,2026-05-08 09:00:00,Gadgets,Smartwatch,1200000,3,Midtrans - Bank Transfer,Paid,3600000,2026-05,Friday
ORD-11123,2026-06-28 17:00:00,Home & Living,Lampu Meja,150000,1,Midtrans - QRIS,Paid,150000,2026-06,Sunday
ORD-11124,2026-07-31 19:00:00,Fashion,Kemeja Casual,250000,3,Midtrans - QRIS,Paid,750000,2026-07,Friday
ORD-11125,2026-08-07 00:00:00,Accessories,Headphone Bluetooth,450000,2,Credit Card,Paid,900000,2026-08,Friday
ORD-11126,2026-04-01 01:00:00,Gadgets,Smartwatch,1200000,3,E-Wallet,Failed,3600000,2026-04,Wednesday
ORD-11127,2026-05-18 05:00:00,Gadgets,Smartwatch,1200000,3,Credit Card,Paid,3600000,2026-05,Monday
ORD-11128,2026-02-09 10:00:00,Fashion,Kemeja Casual,250000,1,Midtrans - Bank Transfer,Paid,250000,2026-02,Monday
ORD-11129,2026-07-25 06:00:00,Home & Living,Lampu Meja,150000,3,Credit Card,Paid,450000,2026-07,Saturday
ORD-11130,2026-05-19 23:00:00,Accessories,Headphone Bluetooth,450000,3,Midtrans - QRIS,Paid,1350000,2026-05,Tuesday
ORD-11131,2026-06-22 22:00:00,Electronics,Laptop,8500000,1,Midtrans - Bank Transfer,Paid,8500000,2026-06,Monday
ORD-11132,2026-07-23 23:00:00,Home & Living,Lampu Meja,150000,1,E-Wallet,Paid,150000,2026-07,Thursday
ORD-11133,2026-07-23 01:00:00,Home & Living,Lampu Meja,150000,3,E-Wallet,Paid,450000,2026-07,Thursday
ORD-11134,2026-03-03 17:00:00,Fashion,Kemeja Casual,250000,3,Midtrans - QRIS,Paid,750000,2026-03,Tuesday
ORD-11135,2026-03-21 05:00:00,Accessories,Headphone Bluetooth,450000,1,Midtrans - Bank Transfer,Paid,450000,2026-03,Saturday
ORD-11136,2026-05-24 19:00:00,Fashion,Kemeja Casual,250000,1,Midtrans - Bank Transfer,Paid,250000,2026-05,Sunday
ORD-11137,2026-06-19 08:00:00,Gadgets,Smartwatch,1200000,1,Midtrans - QRIS,Paid,1200000,2026-06,Friday
ORD-11138,2026-01-03 06:00:00,Electronics,Laptop,8500000,1,Midtrans - QRIS,Paid,8500000,2026-01,Saturday
ORD-11139,2026-03-17 23:00:00,Fashion,Kemeja Casual,250000,1,Midtrans - QRIS,Pending,250000,2026-03,Tuesday
ORD-11140,2026-08-09 17:00:00,Accessories,Headphone Bluetooth,450000,2,Midtrans - QRIS,Paid,900000,2026-08,Sunday
ORD-11141,2026-05-25 06:00:00,Fashion,Kemeja Casual,250000,3,Credit Card,Paid,750000,2026-05,Monday
ORD-11142,2026-05-09 07:00:00,Electronics,Laptop,8500000,3,Midtrans - QRIS,Paid,25500000,2026-05,Saturday
ORD-11143,2026-02-04 16:00:00,Gadgets,Smartwatch,1200000,1,E-Wallet,Paid,1200000,2026-02,Wednesday
ORD-11144,2026-07-03 16:00:00,Electronics,Laptop,8500000,1,Midtrans - Bank Transfer,Paid,8500000,2026-07,Friday
ORD-11145,2026-04-27 22:00:00,Home & Living,Lampu Meja,150000,2,Midtrans - Bank Transfer,Paid,300000,2026-04,Monday
ORD-11146,2026-04-14 18:00:00,Accessories,Headphone Bluetooth,450000,3,Credit Card,Paid,1350000,2026-04,Tuesday
ORD-11147,2026-01-14 15:00:00,Home & Living,Lampu Meja,150000,1,Midtrans - Bank Transfer,Paid,150000,2026-01,Wednesday
ORD-11148,2026-05-18 22:00:00,Electronics,Laptop,8500000,2,E-Wallet,Paid,17000000,2026-05,Monday
ORD-11149,2026-05-18 12:00:00,Fashion,Kemeja Casual,250000,2,Midtrans - Bank Transfer,Paid,500000,2026-05,Monday
ORD-11150,2026-06-03 03:00:00,Accessories,Headphone Bluetooth,450000,2,Midtrans - QRIS,Paid,900000,2026-06,Wednesday
ORD-11151,2026-05-08 06:00:00,Home & Living,Lampu Meja,150000,3,Credit Card,Paid,450000,2026-05,Friday
ORD-11152,2026-03-31 07:00:00,Electronics,Laptop,8500000,2,E-Wallet,Paid,17000000,2026-03,Tuesday
ORD-11153,2026-08-05 23:00:00,Accessories,Headphone Bluetooth,450000,1,Credit Card,Paid,450000,2026-08,Wednesday
ORD-11154,2026-02-24 15:00:00,Electronics,Laptop,8500000,1,Midtrans - Bank Transfer,Paid,8500000,2026-02,Tuesday
ORD-11155,2026-05-13 23:00:00,Electronics,Laptop,8500000,3,Credit Card,Paid,25500000,2026-05,Wednesday
ORD-11156,2026-04-16 18:00:00,Accessories,Headphone Bluetooth,450000,3,Midtrans - Bank Transfer,Paid,1350000,2026-04,Thursday
ORD-11157,2026-06-15 23:00:00,Fashion,Kemeja Casual,250000,3,Midtrans - QRIS,Paid,750000,2026-06,Monday
ORD-11158,2026-07-09 11:00:00,Gadgets,Smartwatch,1200000,2,Midtrans - Bank Transfer,Paid,2400000,2026-07,Thursday
ORD-11159,2026-01-07 20:00:00,Electronics,Laptop,8500000,3,E-Wallet,Paid,25500000,2026-01,Wednesday
ORD-11160,2026-06-28 05:00:00,Electronics,Laptop,8500000,2,Midtrans - Bank Transfer,Paid,17000000,2026-06,Sunday
ORD-11161,2026-07-28 13:00:00,Accessories,Headphone Bluetooth,450000,1,Midtrans - QRIS,Paid,450000,2026-07,Tuesday
ORD-11162,2026-02-04 06:00:00,Accessories,Headphone Bluetooth,450000,1,Midtrans - QRIS,Pending,450000,2026-02,Wednesday
ORD-11163,2026-02-09 07:00:00,Electronics,Laptop,8500000,3,Midtrans - QRIS,Paid,25500000,2026-02,Monday
ORD-11164,2026-07-04 09:00:00,Gadgets,Smartwatch,1200000,3,Credit Card,Failed,3600000,2026-07,Saturday
ORD-11165,2026-02-02 06:00:00,Accessories,Headphone Bluetooth,450000,3,Midtrans - Bank Transfer,Paid,1350000,2026-02,Monday
ORD-11166,2026-04-02 14:00:00,Home & Living,Lampu Meja,150000,1,Credit Card,Paid,150000,2026-04,Thursday
ORD-11167,2026-05-12 12:00:00,Fashion,Kemeja Casual,250000,3,Midtrans - Bank Transfer,Paid,750000,2026-05,Tuesday
ORD-11168,2026-06-26 18:00:00,Electronics,Laptop,8500000,1,Midtrans - QRIS,Paid,8500000,2026-06,Friday
ORD-11169,2026-06-03 23:00:00,Fashion,Kemeja Casual,250000,3,Midtrans - QRIS,Paid,750000,2026-06,Wednesday
ORD-11170,2026-05-24 20:00:00,Home & Living,Lampu Meja,150000,2,Credit Card,Paid,300000,2026-05,Sunday
ORD-11171,2026-02-08 02:00:00,Accessories,Headphone Bluetooth,450000,3,Midtrans - QRIS,Paid,1350000,2026-02,Sunday
ORD-11172,2026-02-24 12:00:00,Home & Living,Lampu Meja,150000,2,Credit Card,Pending,300000,2026-02,Tuesday
ORD-11173,2026-06-24 01:00:00,Electronics,Laptop,8500000,3,Midtrans - Bank Transfer,Paid,25500000,2026-06,Wednesday
ORD-11174,2026-01-22 09:00:00,Home & Living,Lampu Meja,150000,3,Midtrans - QRIS,Paid,450000,2026-01,Thursday
ORD-11175,2026-03-22 00:00:00,Gadgets,Smartwatch,1200000,3,Midtrans - QRIS,Paid,3600000,2026-03,Sunday
ORD-11176,2026-05-30 18:00:00,Electronics,Laptop,8500000,3,Midtrans - QRIS,Paid,25500000,2026-05,Saturday
ORD-11177,2026-07-21 17:00:00,Fashion,Kemeja Casual,250000,3,Midtrans - QRIS,Paid,750000,2026-07,Tuesday
ORD-11178,2026-02-28 17:00:00,Accessories,Headphone Bluetooth,450000,1,Credit Card,Paid,450000,2026-02,Saturday
ORD-11179,2026-07-20 02:00:00,Fashion,Kemeja Casual,250000,1,Midtrans - QRIS,Paid,250000,2026-07,Monday
ORD-11180,2026-07-10 06:00:00,Accessories,Headphone Bluetooth,450000,2,Midtrans - Bank Transfer,Paid,900000,2026-07,Friday
ORD-11181,2026-05-13 22:00:00,Home & Living,Lampu Meja,150000,2,Credit Card,Paid,300000,2026-05,Wednesday
ORD-11182,2026-07-07 03:00:00,Fashion,Kemeja Casual,250000,3,Credit Card,Paid,750000,2026-07,Tuesday
ORD-11183,2026-03-06 19:00:00,Home & Living,Lampu Meja,150000,2,E-Wallet,Paid,300000,2026-03,Friday
ORD-11184,2026-02-03 12:00:00,Home & Living,Lampu Meja,150000,3,E-Wallet,Paid,450000,2026-02,Tuesday
ORD-11185,2026-07-29 13:00:00,Home & Living,Lampu Meja,150000,3,Midtrans - Bank Transfer,Failed,450000,2026-07,Wednesday
ORD-11186,2026-02-23 07:00:00,Accessories,Headphone Bluetooth,450000,3,E-Wallet,Paid,1350000,2026-02,Monday
ORD-11187,2026-07-28 08:00:00,Gadgets,Smartwatch,1200000,3,Credit Card,Paid,3600000,2026-07,Tuesday
ORD-11188,2026-08-04 12:00:00,Accessories,Headphone Bluetooth,450000,3,Credit Card,Failed,1350000,2026-08,Tuesday
ORD-11189,2026-05-30 01:00:00,Gadgets,Smartwatch,1200000,3,Midtrans - Bank Transfer,Paid,3600000,2026-05,Saturday
ORD-11190,2026-05-01 21:00:00,Fashion,Kemeja Casual,250000,1,Midtrans - Bank Transfer,Paid,250000,2026-05,Friday
ORD-11191,2026-02-27 19:00:00,Gadgets,Smartwatch,1200000,1,Midtrans - Bank Transfer,Paid,1200000,2026-02,Friday
ORD-11192,2026-07-15 08:00:00,Electronics,Laptop,8500000,3,E-Wallet,Paid,25500000,2026-07,Wednesday
ORD-11193,2026-04-26 01:00:00,Home & Living,Lampu Meja,150000,3,Midtrans - QRIS,Paid,450000,2026-04,Sunday
ORD-11194,2026-04-22 15:00:00,Accessories,Headphone Bluetooth,450000,1,Credit Card,Paid,450000,2026-04,Wednesday
ORD-11195,2026-03-29 18:00:00,Gadgets,Smartwatch,1200000,3,Midtrans - QRIS,Paid,3600000,2026-03,Sunday
ORD-11196,2026-06-25 23:00:00,Fashion,Kemeja Casual,250000,3,Credit Card,Failed,750000,2026-06,Thursday
ORD-11197,2026-07-21 07:00:00,Fashion,Kemeja Casual,250000,3,E-Wallet,Paid,750000,2026-07,Tuesday
ORD-11198,2026-04-26 08:00:00,Accessories,Headphone Bluetooth,450000,1,Midtrans - QRIS,Paid,450000,2026-04,Sunday
ORD-11199,2026-06-14 17:00:00,Accessories,Headphone Bluetooth,450000,2,E-Wallet,Paid,900000,2026-06,Sunday
ORD-11200,2026-05-13 18:00:00,Electronics,Laptop,8500000,2,Midtrans - QRIS,Paid,17000000,2026-05,Wednesday
ORD-11201,2026-05-17 16:00:00,Electronics,Laptop,8500000,1,Midtrans - QRIS,Paid,8500000,2026-05,Sunday
ORD-11202,2026-04-18 05:00:00,Accessories,Headphone Bluetooth,450000,3,Credit Card,Paid,1350000,2026-04,Saturday
ORD-11203,2026-07-12 08:00:00,Electronics,Laptop,8500000,2,Midtrans - QRIS,Failed,17000000,2026-07,Sunday
ORD-11204,2026-04-19 07:00:00,Fashion,Kemeja Casual,250000,1,Midtrans - Bank Transfer,Paid,250000,2026-04,Sunday
ORD-11205,2026-06-18 01:00:00,Accessories,Headphone Bluetooth,450000,1,Midtrans - Bank Transfer,Paid,450000,2026-06,Thursday
ORD-11206,2026-01-10 20:00:00,Home & Living,Lampu Meja,150000,1,E-Wallet,Paid,150000,2026-01,Saturday
ORD-11207,2026-02-24 08:00:00,Electronics,Laptop,8500000,3,Midtrans - Bank Transfer,Paid,25500000,2026-02,Tuesday
ORD-11208,2026-05-23 22:00:00,Fashion,Kemeja Casual,250000,1,Credit Card,Paid,250000,2026-05,Saturday
ORD-11209,2026-02-24 05:00:00,Electronics,Laptop,8500000,3,Midtrans - Bank Transfer,Paid,25500000,2026-02,Tuesday
ORD-11210,2026-04-16 21:00:00,Gadgets,Smartwatch,1200000,3,Midtrans - Bank Transfer,Paid,3600000,2026-04,Thursday
ORD-11211,2026-03-27 11:00:00,Electronics,Laptop,8500000,1,Midtrans - QRIS,Paid,8500000,2026-03,Friday
ORD-11212,2026-01-19 09:00:00,Electronics,Laptop,8500000,3,E-Wallet,Paid,25500000,2026-01,Monday
ORD-11213,2026-03-28 12:00:00,Fashion,Kemeja Casual,250000,3,Midtrans - Bank Transfer,Paid,750000,2026-03,Saturday
ORD-11214,2026-05-13 12:00:00,Electronics,Laptop,8500000,2,Credit Card,Pending,17000000,2026-05,Wednesday
ORD-11215,2026-04-21 17:00:00,Electronics,Laptop,8500000,1,E-Wallet,Paid,8500000,2026-04,Tuesday
ORD-11216,2026-06-08 06:00:00,Accessories,Headphone Bluetooth,450000,2,Credit Card,Paid,900000,2026-06,Monday
ORD-11217,2026-02-03 12:00:00,Electronics,Laptop,8500000,2,Midtrans - Bank Transfer,Paid,17000000,2026-02,Tuesday
ORD-11218,2026-01-04 02:00:00,Gadgets,Smartwatch,1200000,2,Midtrans - QRIS,Paid,2400000,2026-01,Sunday
ORD-11219,2026-04-01 15:00:00,Fashion,Kemeja Casual,250000,2,E-Wallet,Paid,500000,2026-04,Wednesday
ORD-11220,2026-06-13 12:00:00,Accessories,Headphone Bluetooth,450000,2,Midtrans - QRIS,Paid,900000,2026-06,Saturday
ORD-11221,2026-03-29 01:00:00,Accessories,Headphone Bluetooth,450000,3,Credit Card,Paid,1350000,2026-03,Sunday
ORD-11222,2026-01-02 16:00:00,Electronics,Laptop,8500000,3,Midtrans - QRIS,Paid,25500000,2026-01,Friday
ORD-11223,2026-03-28 17:00:00,Home & Living,Lampu Meja,150000,2,Midtrans - QRIS,Paid,300000,2026-03,Saturday
ORD-11224,2026-07-15 03:00:00,Gadgets,Smartwatch,1200000,3,Credit Card,Paid,3600000,2026-07,Wednesday
ORD-11225,2026-03-09 14:00:00,Fashion,Kemeja Casual,250000,3,E-Wallet,Paid,750000,2026-03,Monday
ORD-11226,2026-01-15 05:00:00,Fashion,Kemeja Casual,250000,1,E-Wallet,Failed,250000,2026-01,Thursday
ORD-11227,2026-06-18 20:00:00,Gadgets,Smartwatch,1200000,2,Credit Card,Paid,2400000,2026-06,Thursday
ORD-11228,2026-03-28 10:00:00,Fashion,Kemeja Casual,250000,2,Midtrans - Bank Transfer,Paid,500000,2026-03,Saturday
ORD-11229,2026-01-27 21:00:00,Gadgets,Smartwatch,1200000,2,Credit Card,Paid,2400000,2026-01,Tuesday
ORD-11230,2026-07-21 02:00:00,Gadgets,Smartwatch,1200000,3,Midtrans - QRIS,Failed,3600000,2026-07,Tuesday
ORD-11231,2026-06-27 15:00:00,Electronics,Laptop,8500000,1,E-Wallet,Paid,8500000,2026-06,Saturday
ORD-11232,2026-01-26 09:00:00,Home & Living,Lampu Meja,150000,2,Credit Card,Paid,300000,2026-01,Monday
ORD-11233,2026-01-19 22:00:00,Gadgets,Smartwatch,1200000,3,Midtrans - QRIS,Paid,3600000,2026-01,Monday
ORD-11234,2026-05-04 01:00:00,Home & Living,Lampu Meja,150000,2,Midtrans - Bank Transfer,Paid,300000,2026-05,Monday
ORD-11235,2026-03-13 04:00:00,Fashion,Kemeja Casual,250000,2,Midtrans - Bank Transfer,Failed,500000,2026-03,Friday
ORD-11236,2026-05-25 16:00:00,Fashion,Kemeja Casual,250000,3,Midtrans - QRIS,Paid,750000,2026-05,Monday
ORD-11237,2026-05-04 17:00:00,Electronics,Laptop,8500000,3,Midtrans - QRIS,Pending,25500000,2026-05,Monday
ORD-11238,2026-05-07 04:00:00,Home & Living,Lampu Meja,150000,3,Credit Card,Paid,450000,2026-05,Thursday
ORD-11239,2026-07-19 21:00:00,Fashion,Kemeja Casual,250000,3,Midtrans - QRIS,Paid,750000,2026-07,Sunday
ORD-11240,2026-04-22 17:00:00,Gadgets,Smartwatch,1200000,1,Midtrans - Bank Transfer,Paid,1200000,2026-04,Wednesday
ORD-11241,2026-06-01 05:00:00,Electronics,Laptop,8500000,3,Midtrans - Bank Transfer,Paid,25500000,2026-06,Monday
ORD-11242,2026-06-26 01:00:00,Accessories,Headphone Bluetooth,450000,3,Midtrans - Bank Transfer,Paid,1350000,2026-06,Friday
ORD-11243,2026-05-08 19:00:00,Fashion,Kemeja Casual,250000,1,E-Wallet,Pending,250000,2026-05,Friday
ORD-11244,2026-02-27 18:00:00,Home & Living,Lampu Meja,150000,1,Midtrans - Bank Transfer,Paid,150000,2026-02,Friday
ORD-11245,2026-06-07 08:00:00,Gadgets,Smartwatch,1200000,1,Credit Card,Paid,1200000,2026-06,Sunday
ORD-11246,2026-04-30 10:00:00,Fashion,Kemeja Casual,250000,2,Midtrans - Bank Transfer,Paid,500000,2026-04,Thursday
ORD-11247,2026-07-19 12:00:00,Home & Living,Lampu Meja,150000,2,Midtrans - QRIS,Paid,300000,2026-07,Sunday
ORD-11248,2026-05-21 03:00:00,Electronics,Laptop,8500000,1,E-Wallet,Paid,8500000,2026-05,Thursday
ORD-11249,2026-07-23 17:00:00,Electronics,Laptop,8500000,1,Midtrans - QRIS,Paid,8500000,2026-07,Thursday
ORD-11250,2026-06-21 20:00:00,Fashion,Kemeja Casual,250000,2,Credit Card,Paid,500000,2026-06,Sunday
ORD-11251,2026-01-07 04:00:00,Accessories,Headphone Bluetooth,450000,1,Credit Card,Failed,450000,2026-01,Wednesday
ORD-11252,2026-06-10 10:00:00,Accessories,Headphone Bluetooth,450000,3,Credit Card,Failed,1350000,2026-06,Wednesday
ORD-11253,2026-03-27 18:00:00,Fashion,Kemeja Casual,250000,1,Credit Card,Paid,250000,2026-03,Friday
ORD-11254,2026-02-17 08:00:00,Home & Living,Lampu Meja,150000,1,Midtrans - Bank Transfer,Paid,150000,2026-02,Tuesday
ORD-11255,2026-01-08 18:00:00,Fashion,Kemeja Casual,250000,1,E-Wallet,Failed,250000,2026-01,Thursday
ORD-11256,2026-04-29 22:00:00,Accessories,Headphone Bluetooth,450000,2,Credit Card,Paid,900000,2026-04,Wednesday
ORD-11257,2026-02-22 02:00:00,Accessories,Headphone Bluetooth,450000,2,Midtrans - Bank Transfer,Pending,900000,2026-02,Sunday
ORD-11258,2026-02-25 13:00:00,Home & Living,Lampu Meja,150000,2,E-Wallet,Paid,300000,2026-02,Wednesday
ORD-11259,2026-06-24 17:00:00,Home & Living,Lampu Meja,150000,3,Midtrans - Bank Transfer,Paid,450000,2026-06,Wednesday
ORD-11260,2026-06-22 22:00:00,Gadgets,Smartwatch,1200000,2,Credit Card,Paid,2400000,2026-06,Monday
ORD-11261,2026-04-23 23:00:00,Fashion,Kemeja Casual,250000,2,Midtrans - QRIS,Paid,500000,2026-04,Thursday
ORD-11262,2026-07-22 05:00:00,Gadgets,Smartwatch,1200000,1,Midtrans - Bank Transfer,Paid,1200000,2026-07,Wednesday
ORD-11263,2026-07-07 13:00:00,Fashion,Kemeja Casual,250000,3,E-Wallet,Pending,750000,2026-07,Tuesday
ORD-11264,2026-03-16 09:00:00,Electronics,Laptop,8500000,3,Midtrans - QRIS,Paid,25500000,2026-03,Monday
ORD-11265,2026-02-01 06:00:00,Electronics,Laptop,8500000,2,Credit Card,Paid,17000000,2026-02,Sunday
ORD-11266,2026-03-15 10:00:00,Fashion,Kemeja Casual,250000,3,E-Wallet,Paid,750000,2026-03,Sunday
ORD-11267,2026-06-13 08:00:00,Accessories,Headphone Bluetooth,450000,3,Midtrans - Bank Transfer,Paid,1350000,2026-06,Saturday
ORD-11268,2026-07-05 20:00:00,Fashion,Kemeja Casual,250000,1,Credit Card,Paid,250000,2026-07,Sunday
ORD-11269,2026-01-21 01:00:00,Accessories,Headphone Bluetooth,450000,3,Midtrans - Bank Transfer,Paid,1350000,2026-01,Wednesday
ORD-11270,2026-01-07 09:00:00,Accessories,Headphone Bluetooth,450000,2,E-Wallet,Paid,900000,2026-01,Wednesday
ORD-11271,2026-03-05 12:00:00,Accessories,Headphone Bluetooth,450000,1,Midtrans - QRIS,Paid,450000,2026-03,Thursday
ORD-11272,2026-03-30 08:00:00,Gadgets,Smartwatch,1200000,2,E-Wallet,Paid,2400000,2026-03,Monday
ORD-11273,2026-04-08 15:00:00,Electronics,Laptop,8500000,1,Midtrans - Bank Transfer,Paid,8500000,2026-04,Wednesday
ORD-11274,2026-08-03 00:00:00,Fashion,Kemeja Casual,250000,3,Midtrans - Bank Transfer,Paid,750000,2026-08,Monday
ORD-11275,2026-02-21 16:00:00,Accessories,Headphone Bluetooth,450000,2,Midtrans - Bank Transfer,Paid,900000,2026-02,Saturday
ORD-11276,2026-01-03 12:00:00,Fashion,Kemeja Casual,250000,1,Midtrans - Bank Transfer,Paid,250000,2026-01,Saturday
ORD-11277,2026-02-09 02:00:00,Electronics,Laptop,8500000,2,Midtrans - Bank Transfer,Paid,17000000,2026-02,Monday
ORD-11278,2026-03-10 07:00:00,Gadgets,Smartwatch,1200000,2,Credit Card,Paid,2400000,2026-03,Tuesday
ORD-11279,2026-06-21 16:00:00,Home & Living,Lampu Meja,150000,1,Midtrans - Bank Transfer,Paid,150000,2026-06,Sunday
ORD-11280,2026-08-03 22:00:00,Gadgets,Smartwatch,1200000,1,Credit Card,Paid,1200000,2026-08,Monday
ORD-11281,2026-06-26 02:00:00,Gadgets,Smartwatch,1200000,2,Midtrans - Bank Transfer,Paid,2400000,2026-06,Friday
ORD-11282,2026-05-29 17:00:00,Gadgets,Smartwatch,1200000,1,Midtrans - QRIS,Paid,1200000,2026-05,Friday
ORD-11283,2026-02-22 04:00:00,Home & Living,Lampu Meja,150000,2,Midtrans - Bank Transfer,Pending,300000,2026-02,Sunday
ORD-11284,2026-06-25 03:00:00,Electronics,Laptop,8500000,1,E-Wallet,Paid,8500000,2026-06,Thursday
ORD-11285,2026-01-08 03:00:00,Home & Living,Lampu Meja,150000,3,Midtrans - Bank Transfer,Paid,450000,2026-01,Thursday
ORD-11286,2026-03-02 18:00:00,Home & Living,Lampu Meja,150000,1,Midtrans - QRIS,Paid,150000,2026-03,Monday
ORD-11287,2026-05-28 21:00:00,Gadgets,Smartwatch,1200000,1,Midtrans - QRIS,Paid,1200000,2026-05,Thursday
ORD-11288,2026-06-24 21:00:00,Electronics,Laptop,8500000,1,Midtrans - QRIS,Paid,8500000,2026-06,Wednesday
ORD-11289,2026-04-07 18:00:00,Fashion,Kemeja Casual,250000,1,Credit Card,Paid,250000,2026-04,Tuesday
ORD-11290,2026-03-10 04:00:00,Gadgets,Smartwatch,1200000,3,Midtrans - Bank Transfer,Paid,3600000,2026-03,Tuesday
ORD-11291,2026-05-10 19:00:00,Fashion,Kemeja Casual,250000,2,Midtrans - QRIS,Paid,500000,2026-05,Sunday
ORD-11292,2026-06-20 10:00:00,Fashion,Kemeja Casual,250000,1,Midtrans - Bank Transfer,Paid,250000,2026-06,Saturday
ORD-11293,2026-05-06 04:00:00,Home & Living,Lampu Meja,150000,1,Midtrans - QRIS,Failed,150000,2026-05,Wednesday
ORD-11294,2026-08-03 00:00:00,Gadgets,Smartwatch,1200000,2,Midtrans - Bank Transfer,Paid,2400000,2026-08,Monday
ORD-11295,2026-01-14 17:00:00,Gadgets,Smartwatch,1200000,1,Midtrans - Bank Transfer,Paid,1200000,2026-01,Wednesday
ORD-11296,2026-06-01 16:00:00,Fashion,Kemeja Casual,250000,2,Midtrans - Bank Transfer,Paid,500000,2026-06,Monday
ORD-11297,2026-06-12 06:00:00,Gadgets,Smartwatch,1200000,2,Midtrans - QRIS,Failed,2400000,2026-06,Friday
ORD-11298,2026-06-21 03:00:00,Accessories,Headphone Bluetooth,450000,3,Midtrans - Bank Transfer,Paid,1350000,2026-06,Sunday
ORD-11299,2026-02-25 21:00:00,Gadgets,Smartwatch,1200000,2,E-Wallet,Paid,2400000,2026-02,Wednesday
ORD-11300,2026-06-02 15:00:00,Home & Living,Lampu Meja,150000,3,E-Wallet,Paid,450000,2026-06,Tuesday
ORD-11301,2026-01-09 23:00:00,Gadgets,Smartwatch,1200000,2,E-Wallet,Paid,2400000,2026-01,Friday
ORD-11302,2026-01-15 02:00:00,Gadgets,Smartwatch,1200000,1,Midtrans - QRIS,Paid,1200000,2026-01,Thursday
ORD-11303,2026-06-19 06:00:00,Gadgets,Smartwatch,1200000,2,Midtrans - QRIS,Paid,2400000,2026-06,Friday
ORD-11304,2026-04-23 20:00:00,Home & Living,Lampu Meja,150000,2,Midtrans - QRIS,Paid,300000,2026-04,Thursday
ORD-11305,2026-05-12 08:00:00,Home & Living,Lampu Meja,150000,2,E-Wallet,Paid,300000,2026-05,Tuesday
ORD-11306,2026-03-14 22:00:00,Home & Living,Lampu Meja,150000,1,E-Wallet,Paid,150000,2026-03,Saturday
ORD-11307,2026-04-11 21:00:00,Accessories,Headphone Bluetooth,450000,3,Credit Card,Paid,1350000,2026-04,Saturday
ORD-11308,2026-01-30 13:00:00,Fashion,Kemeja Casual,250000,1,Credit Card,Paid,250000,2026-01,Friday
ORD-11309,2026-08-06 00:00:00,Electronics,Laptop,8500000,3,Credit Card,Paid,25500000,2026-08,Thursday
ORD-11310,2026-06-05 06:00:00,Electronics,Laptop,8500000,2,Midtrans - Bank Transfer,Paid,17000000,2026-06,Friday
ORD-11311,2026-06-01 18:00:00,Electronics,Laptop,8500000,3,Midtrans - QRIS,Paid,25500000,2026-06,Monday
ORD-11312,2026-06-16 09:00:00,Accessories,Headphone Bluetooth,450000,3,Credit Card,Failed,1350000,2026-06,Tuesday
ORD-11313,2026-01-21 08:00:00,Fashion,Kemeja Casual,250000,2,E-Wallet,Paid,500000,2026-01,Wednesday
ORD-11314,2026-01-02 22:00:00,Fashion,Kemeja Casual,250000,1,Midtrans - QRIS,Paid,250000,2026-01,Friday
ORD-11315,2026-05-20 23:00:00,Electronics,Laptop,8500000,3,Midtrans - QRIS,Paid,25500000,2026-05,Wednesday
ORD-11316,2026-07-23 01:00:00,Electronics,Laptop,8500000,3,E-Wallet,Paid,25500000,2026-07,Thursday
ORD-11317,2026-08-02 23:00:00,Fashion,Kemeja Casual,250000,2,Midtrans - Bank Transfer,Paid,500000,2026-08,Sunday
ORD-11318,2026-07-20 06:00:00,Gadgets,Smartwatch,1200000,2,Midtrans - Bank Transfer,Paid,2400000,2026-07,Monday
ORD-11319,2026-01-17 16:00:00,Gadgets,Smartwatch,1200000,1,Midtrans - QRIS,Paid,1200000,2026-01,Saturday
ORD-11320,2026-06-16 06:00:00,Accessories,Headphone Bluetooth,450000,3,Credit Card,Paid,1350000,2026-06,Tuesday
ORD-11321,2026-05-12 13:00:00,Gadgets,Smartwatch,1200000,1,Midtrans - QRIS,Paid,1200000,2026-05,Tuesday
ORD-11322,2026-07-01 01:00:00,Home & Living,Lampu Meja,150000,1,E-Wallet,Paid,150000,2026-07,Wednesday
ORD-11323,2026-01-17 06:00:00,Gadgets,Smartwatch,1200000,1,Midtrans - QRIS,Paid,1200000,2026-01,Saturday
ORD-11324,2026-06-10 13:00:00,Fashion,Kemeja Casual,250000,1,Midtrans - QRIS,Paid,250000,2026-06,Wednesday
ORD-11325,2026-07-04 14:00:00,Fashion,Kemeja Casual,250000,2,Credit Card,Paid,500000,2026-07,Saturday
ORD-11326,2026-01-27 04:00:00,Electronics,Laptop,8500000,1,Midtrans - QRIS,Paid,8500000,2026-01,Tuesday
ORD-11327,2026-06-26 08:00:00,Accessories,Headphone Bluetooth,450000,2,E-Wallet,Paid,900000,2026-06,Friday
ORD-11328,2026-05-03 02:00:00,Fashion,Kemeja Casual,250000,2,Midtrans - Bank Transfer,Paid,500000,2026-05,Sunday
ORD-11329,2026-03-05 09:00:00,Home & Living,Lampu Meja,150000,2,E-Wallet,Failed,300000,2026-03,Thursday
ORD-11330,2026-02-04 10:00:00,Accessories,Headphone Bluetooth,450000,1,Midtrans - QRIS,Paid,450000,2026-02,Wednesday
ORD-11331,2026-07-20 22:00:00,Electronics,Laptop,8500000,3,Midtrans - QRIS,Paid,25500000,2026-07,Monday
ORD-11332,2026-03-04 12:00:00,Electronics,Laptop,8500000,2,Credit Card,Paid,17000000,2026-03,Wednesday
ORD-11333,2026-05-18 06:00:00,Electronics,Laptop,8500000,2,E-Wallet,Failed,17000000,2026-05,Monday
ORD-11334,2026-07-31 21:00:00,Electronics,Laptop,8500000,3,Credit Card,Paid,25500000,2026-07,Friday
ORD-11335,2026-04-11 19:00:00,Gadgets,Smartwatch,1200000,2,Credit Card,Paid,2400000,2026-04,Saturday
ORD-11336,2026-02-08 22:00:00,Electronics,Laptop,8500000,1,Midtrans - QRIS,Paid,8500000,2026-02,Sunday
ORD-11337,2026-05-07 18:00:00,Electronics,Laptop,8500000,1,Midtrans - QRIS,Paid,8500000,2026-05,Thursday
ORD-11338,2026-07-07 09:00:00,Home & Living,Lampu Meja,150000,2,Midtrans - Bank Transfer,Paid,300000,2026-07,Tuesday
ORD-11339,2026-03-03 02:00:00,Accessories,Headphone Bluetooth,450000,2,E-Wallet,Paid,900000,2026-03,Tuesday
ORD-11340,2026-05-29 09:00:00,Gadgets,Smartwatch,1200000,1,Credit Card,Paid,1200000,2026-05,Friday
ORD-11341,2026-01-26 14:00:00,Fashion,Kemeja Casual,250000,1,Credit Card,Paid,250000,2026-01,Monday
ORD-11342,2026-02-19 06:00:00,Electronics,Laptop,8500000,2,Credit Card,Paid,17000000,2026-02,Thursday
ORD-11343,2026-05-15 07:00:00,Home & Living,Lampu Meja,150000,2,Credit Card,Paid,300000,2026-05,Friday
ORD-11344,2026-04-22 03:00:00,Electronics,Laptop,8500000,2,Midtrans - Bank Transfer,Paid,17000000,2026-04,Wednesday
ORD-11345,2026-08-06 09:00:00,Fashion,Kemeja Casual,250000,1,E-Wallet,Paid,250000,2026-08,Thursday
ORD-11346,2026-01-06 10:00:00,Accessories,Headphone Bluetooth,450000,3,Midtrans - Bank Transfer,Paid,1350000,2026-01,Tuesday
ORD-11347,2026-08-09 10:00:00,Home & Living,Lampu Meja,150000,2,Midtrans - QRIS,Paid,300000,2026-08,Sunday
ORD-11348,2026-05-05 07:00:00,Fashion,Kemeja Casual,250000,3,E-Wallet,Failed,750000,2026-05,Tuesday
ORD-11349,2026-06-28 06:00:00,Accessories,Headphone Bluetooth,450000,1,Midtrans - QRIS,Paid,450000,2026-06,Sunday
ORD-11350,2026-07-05 19:00:00,Accessories,Headphone Bluetooth,450000,3,Midtrans - QRIS,Paid,1350000,2026-07,Sunday
ORD-11351,2026-01-02 14:00:00,Gadgets,Smartwatch,1200000,3,E-Wallet,Paid,3600000,2026-01,Friday
ORD-11352,2026-06-14 23:00:00,Electronics,Laptop,8500000,3,Midtrans - Bank Transfer,Paid,25500000,2026-06,Sunday
ORD-11353,2026-05-30 11:00:00,Home & Living,Lampu Meja,150000,2,E-Wallet,Paid,300000,2026-05,Saturday
ORD-11354,2026-02-08 08:00:00,Accessories,Headphone Bluetooth,450000,2,Midtrans - QRIS,Paid,900000,2026-02,Sunday
ORD-11355,2026-04-26 09:00:00,Gadgets,Smartwatch,1200000,3,Credit Card,Paid,3600000,2026-04,Sunday
ORD-11356,2026-06-21 07:00:00,Gadgets,Smartwatch,1200000,1,Midtrans - QRIS,Paid,1200000,2026-06,Sunday
ORD-11357,2026-01-21 12:00:00,Home & Living,Lampu Meja,150000,2,Midtrans - Bank Transfer,Paid,300000,2026-01,Wednesday
ORD-11358,2026-02-17 03:00:00,Accessories,Headphone Bluetooth,450000,1,E-Wallet,Paid,450000,2026-02,Tuesday
ORD-11359,2026-05-27 17:00:00,Electronics,Laptop,8500000,3,Credit Card,Paid,25500000,2026-05,Wednesday
ORD-11360,2026-01-13 22:00:00,Home & Living,Lampu Meja,150000,2,Midtrans - Bank Transfer,Failed,300000,2026-01,Tuesday
ORD-11361,2026-01-31 18:00:00,Accessories,Headphone Bluetooth,450000,2,Midtrans - Bank Transfer,Paid,900000,2026-01,Saturday
ORD-11362,2026-05-16 01:00:00,Fashion,Kemeja Casual,250000,1,E-Wallet,Paid,250000,2026-05,Saturday
ORD-11363,2026-01-23 17:00:00,Gadgets,Smartwatch,1200000,1,E-Wallet,Paid,1200000,2026-01,Friday
ORD-11364,2026-04-13 13:00:00,Gadgets,Smartwatch,1200000,2,E-Wallet,Paid,2400000,2026-04,Monday
ORD-11365,2026-07-01 02:00:00,Accessories,Headphone Bluetooth,450000,2,Midtrans - QRIS,Paid,900000,2026-07,Wednesday
ORD-11366,2026-07-22 06:00:00,Fashion,Kemeja Casual,250000,1,E-Wallet,Paid,250000,2026-07,Wednesday
ORD-11367,2026-03-17 04:00:00,Home & Living,Lampu Meja,150000,2,Midtrans - QRIS,Paid,300000,2026-03,Tuesday
ORD-11368,2026-05-14 20:00:00,Electronics,Laptop,8500000,3,E-Wallet,Paid,25500000,2026-05,Thursday
ORD-11369,2026-06-08 18:00:00,Accessories,Headphone Bluetooth,450000,3,Midtrans - QRIS,Paid,1350000,2026-06,Monday
ORD-11370,2026-02-03 21:00:00,Accessories,Headphone Bluetooth,450000,1,Credit Card,Paid,450000,2026-02,Tuesday
ORD-11371,2026-06-21 20:00:00,Fashion,Kemeja Casual,250000,2,E-Wallet,Pending,500000,2026-06,Sunday
ORD-11372,2026-07-30 13:00:00,Gadgets,Smartwatch,1200000,1,Credit Card,Paid,1200000,2026-07,Thursday
ORD-11373,2026-03-26 16:00:00,Gadgets,Smartwatch,1200000,1,Credit Card,Paid,1200000,2026-03,Thursday
ORD-11374,2026-07-10 12:00:00,Accessories,Headphone Bluetooth,450000,2,Credit Card,Pending,900000,2026-07,Friday
ORD-11375,2026-07-03 21:00:00,Electronics,Laptop,8500000,3,Midtrans - QRIS,Paid,25500000,2026-07,Friday
ORD-11376,2026-01-11 04:00:00,Gadgets,Smartwatch,1200000,1,Midtrans - Bank Transfer,Paid,1200000,2026-01,Sunday
ORD-11377,2026-07-21 19:00:00,Fashion,Kemeja Casual,250000,3,E-Wallet,Paid,750000,2026-07,Tuesday
ORD-11378,2026-07-19 16:00:00,Gadgets,Smartwatch,1200000,1,Midtrans - QRIS,Paid,1200000,2026-07,Sunday
ORD-11379,2026-01-12 07:00:00,Fashion,Kemeja Casual,250000,1,E-Wallet,Failed,250000,2026-01,Monday
ORD-11380,2026-05-27 07:00:00,Home & Living,Lampu Meja,150000,2,Midtrans - QRIS,Paid,300000,2026-05,Wednesday
ORD-11381,2026-03-15 19:00:00,Fashion,Kemeja Casual,250000,1,Midtrans - QRIS,Paid,250000,2026-03,Sunday
ORD-11382,2026-02-22 14:00:00,Gadgets,Smartwatch,1200000,1,Credit Card,Paid,1200000,2026-02,Sunday
ORD-11383,2026-04-12 00:00:00,Fashion,Kemeja Casual,250000,1,E-Wallet,Paid,250000,2026-04,Sunday
ORD-11384,2026-07-01 17:00:00,Home & Living,Lampu Meja,150000,3,Midtrans - QRIS,Paid,450000,2026-07,Wednesday
ORD-11385,2026-02-08 08:00:00,Electronics,Laptop,8500000,2,E-Wallet,Paid,17000000,2026-02,Sunday
ORD-11386,2026-05-23 22:00:00,Accessories,Headphone Bluetooth,450000,3,Credit Card,Paid,1350000,2026-05,Saturday
ORD-11387,2026-07-04 19:00:00,Gadgets,Smartwatch,1200000,2,E-Wallet,Paid,2400000,2026-07,Saturday
ORD-11388,2026-07-06 20:00:00,Electronics,Laptop,8500000,2,Midtrans - QRIS,Paid,17000000,2026-07,Monday
ORD-11389,2026-04-20 08:00:00,Gadgets,Smartwatch,1200000,1,E-Wallet,Paid,1200000,2026-04,Monday
ORD-11390,2026-06-06 16:00:00,Gadgets,Smartwatch,1200000,3,E-Wallet,Paid,3600000,2026-06,Saturday
ORD-11391,2026-03-27 10:00:00,Accessories,Headphone Bluetooth,450000,3,Credit Card,Failed,1350000,2026-03,Friday
ORD-11392,2026-05-26 20:00:00,Accessories,Headphone Bluetooth,450000,1,Credit Card,Paid,450000,2026-05,Tuesday
ORD-11393,2026-02-18 13:00:00,Accessories,Headphone Bluetooth,450000,1,Credit Card,Paid,450000,2026-02,Wednesday
ORD-11394,2026-01-16 15:00:00,Fashion,Kemeja Casual,250000,2,Midtrans - QRIS,Paid,500000,2026-01,Friday
ORD-11395,2026-03-26 17:00:00,Gadgets,Smartwatch,1200000,3,Midtrans - Bank Transfer,Paid,3600000,2026-03,Thursday
ORD-11396,2026-01-07 01:00:00,Electronics,Laptop,8500000,1,E-Wallet,Paid,8500000,2026-01,Wednesday
ORD-11397,2026-07-02 20:00:00,Fashion,Kemeja Casual,250000,1,Credit Card,Failed,250000,2026-07,Thursday
ORD-11398,2026-01-18 23:00:00,Fashion,Kemeja Casual,250000,1,Midtrans - Bank Transfer,Paid,250000,2026-01,Sunday
ORD-11399,2026-01-30 08:00:00,Fashion,Kemeja Casual,250000,2,Midtrans - QRIS,Paid,500000,2026-01,Friday
ORD-11400,2026-04-20 16:00:00,Gadgets,Smartwatch,1200000,3,Midtrans - Bank Transfer,Paid,3600000,2026-04,Monday
ORD-11401,2026-07-07 06:00:00,Gadgets,Smartwatch,1200000,1,Credit Card,Paid,1200000,2026-07,Tuesday
ORD-11402,2026-02-10 03:00:00,Accessories,Headphone Bluetooth,450000,1,Midtrans - Bank Transfer,Paid,450000,2026-02,Tuesday
ORD-11403,2026-04-04 02:00:00,Fashion,Kemeja Casual,250000,1,Midtrans - QRIS,Paid,250000,2026-04,Saturday
ORD-11404,2026-03-27 01:00:00,Accessories,Headphone Bluetooth,450000,2,Credit Card,Paid,900000,2026-03,Friday
ORD-11405,2026-03-18 04:00:00,Gadgets,Smartwatch,1200000,2,Midtrans - Bank Transfer,Paid,2400000,2026-03,Wednesday
ORD-11406,2026-03-29 20:00:00,Electronics,Laptop,8500000,2,Midtrans - Bank Transfer,Paid,17000000,2026-03,Sunday
ORD-11407,2026-06-19 12:00:00,Gadgets,Smartwatch,1200000,2,E-Wallet,Paid,2400000,2026-06,Friday
ORD-11408,2026-02-09 02:00:00,Electronics,Laptop,8500000,1,Credit Card,Paid,8500000,2026-02,Monday
ORD-11409,2026-07-20 05:00:00,Accessories,Headphone Bluetooth,450000,3,E-Wallet,Failed,1350000,2026-07,Monday
ORD-11410,2026-02-03 14:00:00,Gadgets,Smartwatch,1200000,2,Midtrans - QRIS,Paid,2400000,2026-02,Tuesday
ORD-11411,2026-03-02 23:00:00,Accessories,Headphone Bluetooth,450000,1,Midtrans - QRIS,Paid,450000,2026-03,Monday
ORD-11412,2026-05-23 07:00:00,Electronics,Laptop,8500000,1,Credit Card,Paid,8500000,2026-05,Saturday
ORD-11413,2026-01-01 10:00:00,Electronics,Laptop,8500000,1,Credit Card,Paid,8500000,2026-01,Thursday
ORD-11414,2026-08-04 21:00:00,Home & Living,Lampu Meja,150000,1,E-Wallet,Paid,150000,2026-08,Tuesday
ORD-11415,2026-03-19 20:00:00,Accessories,Headphone Bluetooth,450000,2,Midtrans - Bank Transfer,Paid,900000,2026-03,Thursday
ORD-11416,2026-07-22 19:00:00,Gadgets,Smartwatch,1200000,1,Midtrans - QRIS,Paid,1200000,2026-07,Wednesday
ORD-11417,2026-02-06 20:00:00,Home & Living,Lampu Meja,150000,1,Midtrans - Bank Transfer,Paid,150000,2026-02,Friday
ORD-11418,2026-05-29 12:00:00,Electronics,Laptop,8500000,1,Midtrans - Bank Transfer,Paid,8500000,2026-05,Friday
ORD-11419,2026-02-27 21:00:00,Home & Living,Lampu Meja,150000,3,Midtrans - QRIS,Paid,450000,2026-02,Friday
ORD-11420,2026-05-22 17:00:00,Fashion,Kemeja Casual,250000,3,E-Wallet,Paid,750000,2026-05,Friday
ORD-11421,2026-06-30 01:00:00,Home & Living,Lampu Meja,150000,3,Midtrans - QRIS,Paid,450000,2026-06,Tuesday
ORD-11422,2026-02-04 08:00:00,Gadgets,Smartwatch,1200000,3,Midtrans - Bank Transfer,Paid,3600000,2026-02,Wednesday
ORD-11423,2026-04-05 09:00:00,Fashion,Kemeja Casual,250000,1,Midtrans - QRIS,Paid,250000,2026-04,Sunday
ORD-11424,2026-02-09 00:00:00,Electronics,Laptop,8500000,3,E-Wallet,Paid,25500000,2026-02,Monday
ORD-11425,2026-04-27 16:00:00,Gadgets,Smartwatch,1200000,2,Midtrans - Bank Transfer,Paid,2400000,2026-04,Monday
ORD-11426,2026-04-17 09:00:00,Gadgets,Smartwatch,1200000,1,Midtrans - Bank Transfer,Paid,1200000,2026-04,Friday
ORD-11427,2026-06-10 05:00:00,Accessories,Headphone Bluetooth,450000,2,Midtrans - QRIS,Failed,900000,2026-06,Wednesday
ORD-11428,2026-03-16 20:00:00,Gadgets,Smartwatch,1200000,2,Midtrans - Bank Transfer,Paid,2400000,2026-03,Monday
ORD-11429,2026-01-03 05:00:00,Home & Living,Lampu Meja,150000,3,Credit Card,Paid,450000,2026-01,Saturday
ORD-11430,2026-01-31 06:00:00,Gadgets,Smartwatch,1200000,1,Credit Card,Paid,1200000,2026-01,Saturday
ORD-11431,2026-04-25 00:00:00,Gadgets,Smartwatch,1200000,1,Credit Card,Paid,1200000,2026-04,Saturday
ORD-11432,2026-05-13 02:00:00,Home & Living,Lampu Meja,150000,1,E-Wallet,Paid,150000,2026-05,Wednesday
ORD-11433,2026-08-03 03:00:00,Accessories,Headphone Bluetooth,450000,1,Midtrans - Bank Transfer,Paid,450000,2026-08,Monday
ORD-11434,2026-03-21 17:00:00,Home & Living,Lampu Meja,150000,3,E-Wallet,Paid,450000,2026-03,Saturday
ORD-11435,2026-03-08 12:00:00,Gadgets,Smartwatch,1200000,2,Midtrans - QRIS,Paid,2400000,2026-03,Sunday
ORD-11436,2026-03-21 18:00:00,Home & Living,Lampu Meja,150000,2,Credit Card,Paid,300000,2026-03,Saturday
ORD-11437,2026-04-13 18:00:00,Accessories,Headphone Bluetooth,450000,2,E-Wallet,Paid,900000,2026-04,Monday
ORD-11438,2026-04-25 01:00:00,Fashion,Kemeja Casual,250000,3,E-Wallet,Paid,750000,2026-04,Saturday
ORD-11439,2026-02-05 09:00:00,Home & Living,Lampu Meja,150000,3,Midtrans - Bank Transfer,Paid,450000,2026-02,Thursday
ORD-11440,2026-03-29 21:00:00,Home & Living,Lampu Meja,150000,3,Midtrans - QRIS,Paid,450000,2026-03,Sunday
ORD-11441,2026-01-01 02:00:00,Gadgets,Smartwatch,1200000,2,E-Wallet,Paid,2400000,2026-01,Thursday
ORD-11442,2026-06-27 07:00:00,Electronics,Laptop,8500000,2,Credit Card,Paid,17000000,2026-06,Saturday
ORD-11443,2026-06-19 13:00:00,Gadgets,Smartwatch,1200000,1,Midtrans - QRIS,Paid,1200000,2026-06,Friday
ORD-11444,2026-07-23 04:00:00,Electronics,Laptop,8500000,1,Credit Card,Paid,8500000,2026-07,Thursday
ORD-11445,2026-02-07 04:00:00,Gadgets,Smartwatch,1200000,2,Midtrans - Bank Transfer,Paid,2400000,2026-02,Saturday
ORD-11446,2026-03-26 14:00:00,Fashion,Kemeja Casual,250000,2,E-Wallet,Failed,500000,2026-03,Thursday
ORD-11447,2026-05-12 16:00:00,Fashion,Kemeja Casual,250000,2,Midtrans - QRIS,Paid,500000,2026-05,Tuesday
ORD-11448,2026-04-10 00:00:00,Gadgets,Smartwatch,1200000,2,Midtrans - Bank Transfer,Paid,2400000,2026-04,Friday
ORD-11449,2026-07-14 19:00:00,Electronics,Laptop,8500000,3,Credit Card,Paid,25500000,2026-07,Tuesday
ORD-11450,2026-03-22 13:00:00,Fashion,Kemeja Casual,250000,2,Midtrans - QRIS,Paid,500000,2026-03,Sunday
ORD-11451,2026-02-27 12:00:00,Fashion,Kemeja Casual,250000,3,Midtrans - QRIS,Paid,750000,2026-02,Friday
ORD-11452,2026-06-03 09:00:00,Fashion,Kemeja Casual,250000,1,Midtrans - QRIS,Paid,250000,2026-06,Wednesday
ORD-11453,2026-02-23 18:00:00,Home & Living,Lampu Meja,150000,2,Midtrans - QRIS,Failed,300000,2026-02,Monday
ORD-11454,2026-03-10 08:00:00,Home & Living,Lampu Meja,150000,1,E-Wallet,Paid,150000,2026-03,Tuesday
ORD-11455,2026-07-30 07:00:00,Electronics,Laptop,8500000,3,Midtrans - Bank Transfer,Paid,25500000,2026-07,Thursday
ORD-11456,2026-04-22 18:00:00,Gadgets,Smartwatch,1200000,2,Credit Card,Paid,2400000,2026-04,Wednesday
ORD-11457,2026-02-11 03:00:00,Gadgets,Smartwatch,1200000,2,Credit Card,Paid,2400000,2026-02,Wednesday
ORD-11458,2026-02-20 18:00:00,Fashion,Kemeja Casual,250000,1,Credit Card,Paid,250000,2026-02,Friday
ORD-11459,2026-07-29 00:00:00,Accessories,Headphone Bluetooth,450000,2,E-Wallet,Paid,900000,2026-07,Wednesday
ORD-11460,2026-02-26 11:00:00,Home & Living,Lampu Meja,150000,3,E-Wallet,Paid,450000,2026-02,Thursday
ORD-11461,2026-06-27 17:00:00,Home & Living,Lampu Meja,150000,3,E-Wallet,Paid,450000,2026-06,Saturday
ORD-11462,2026-07-12 08:00:00,Accessories,Headphone Bluetooth,450000,2,Midtrans - QRIS,Paid,900000,2026-07,Sunday
ORD-11463,2026-06-22 07:00:00,Electronics,Laptop,8500000,1,Credit Card,Paid,8500000,2026-06,Monday
ORD-11464,2026-03-07 00:00:00,Fashion,Kemeja Casual,250000,1,Midtrans - Bank Transfer,Paid,250000,2026-03,Saturday
ORD-11465,2026-03-01 02:00:00,Gadgets,Smartwatch,1200000,3,Credit Card,Paid,3600000,2026-03,Sunday
ORD-11466,2026-02-09 18:00:00,Home & Living,Lampu Meja,150000,3,Credit Card,Paid,450000,2026-02,Monday
ORD-11467,2026-02-10 23:00:00,Fashion,Kemeja Casual,250000,1,E-Wallet,Paid,250000,2026-02,Tuesday
ORD-11468,2026-02-10 14:00:00,Accessories,Headphone Bluetooth,450000,1,Midtrans - Bank Transfer,Paid,450000,2026-02,Tuesday
ORD-11469,2026-06-22 05:00:00,Gadgets,Smartwatch,1200000,1,E-Wallet,Paid,1200000,2026-06,Monday
ORD-11470,2026-06-15 12:00:00,Electronics,Laptop,8500000,2,E-Wallet,Paid,17000000,2026-06,Monday
ORD-11471,2026-08-09 15:00:00,Home & Living,Lampu Meja,150000,3,E-Wallet,Paid,450000,2026-08,Sunday
ORD-11472,2026-02-08 01:00:00,Home & Living,Lampu Meja,150000,2,Credit Card,Paid,300000,2026-02,Sunday
ORD-11473,2026-07-09 13:00:00,Fashion,Kemeja Casual,250000,2,E-Wallet,Paid,500000,2026-07,Thursday
ORD-11474,2026-01-02 12:00:00,Home & Living,Lampu Meja,150000,1,Credit Card,Paid,150000,2026-01,Friday
ORD-11475,2026-05-22 03:00:00,Electronics,Laptop,8500000,3,E-Wallet,Paid,25500000,2026-05,Friday
ORD-11476,2026-03-13 07:00:00,Fashion,Kemeja Casual,250000,2,E-Wallet,Paid,500000,2026-03,Friday
ORD-11477,2026-05-06 20:00:00,Electronics,Laptop,8500000,1,Credit Card,Paid,8500000,2026-05,Wednesday
ORD-11478,2026-02-03 03:00:00,Home & Living,Lampu Meja,150000,2,Midtrans - QRIS,Paid,300000,2026-02,Tuesday
ORD-11479,2026-06-18 04:00:00,Gadgets,Smartwatch,1200000,1,Credit Card,Paid,1200000,2026-06,Thursday
ORD-11480,2026-07-31 04:00:00,Accessories,Headphone Bluetooth,450000,1,Midtrans - Bank Transfer,Paid,450000,2026-07,Friday
ORD-11481,2026-07-15 08:00:00,Fashion,Kemeja Casual,250000,3,Midtrans - Bank Transfer,Paid,750000,2026-07,Wednesday
ORD-11482,2026-08-07 01:00:00,Accessories,Headphone Bluetooth,450000,1,Midtrans - QRIS,Paid,450000,2026-08,Friday
ORD-11483,2026-05-10 15:00:00,Fashion,Kemeja Casual,250000,3,Midtrans - QRIS,Paid,750000,2026-05,Sunday
ORD-11484,2026-02-25 04:00:00,Gadgets,Smartwatch,1200000,2,Credit Card,Paid,2400000,2026-02,Wednesday
ORD-11485,2026-01-14 05:00:00,Home & Living,Lampu Meja,150000,2,E-Wallet,Paid,300000,2026-01,Wednesday
ORD-11486,2026-04-10 20:00:00,Accessories,Headphone Bluetooth,450000,1,E-Wallet,Paid,450000,2026-04,Friday
ORD-11487,2026-04-01 02:00:00,Gadgets,Smartwatch,1200000,1,Credit Card,Paid,1200000,2026-04,Wednesday
ORD-11488,2026-04-25 09:00:00,Accessories,Headphone Bluetooth,450000,3,Midtrans - QRIS,Paid,1350000,2026-04,Saturday
ORD-11489,2026-03-08 07:00:00,Home & Living,Lampu Meja,150000,2,E-Wallet,Paid,300000,2026-03,Sunday
ORD-11490,2026-05-10 15:00:00,Accessories,Headphone Bluetooth,450000,3,Midtrans - QRIS,Paid,1350000,2026-05,Sunday
ORD-11491,2026-06-13 18:00:00,Gadgets,Smartwatch,1200000,2,Midtrans - Bank Transfer,Paid,2400000,2026-06,Saturday
ORD-11492,2026-03-25 04:00:00,Fashion,Kemeja Casual,250000,3,Credit Card,Paid,750000,2026-03,Wednesday
ORD-11493,2026-02-24 16:00:00,Accessories,Headphone Bluetooth,450000,2,Midtrans - Bank Transfer,Paid,900000,2026-02,Tuesday
ORD-11494,2026-02-23 13:00:00,Gadgets,Smartwatch,1200000,2,Credit Card,Paid,2400000,2026-02,Monday
ORD-11495,2026-06-29 15:00:00,Accessories,Headphone Bluetooth,450000,3,Midtrans - Bank Transfer,Failed,1350000,2026-06,Monday
ORD-11496,2026-04-10 07:00:00,Home & Living,Lampu Meja,150000,3,Midtrans - Bank Transfer,Paid,450000,2026-04,Friday
ORD-11497,2026-05-15 23:00:00,Fashion,Kemeja Casual,250000,3,E-Wallet,Paid,750000,2026-05,Friday
ORD-11498,2026-03-31 03:00:00,Fashion,Kemeja Casual,250000,3,Midtrans - Bank Transfer,Paid,750000,2026-03,Tuesday
ORD-11499,2026-03-13 00:00:00,Home & Living,Lampu Meja,150000,3,E-Wallet,Failed,450000,2026-03,Friday
